project,topic
WuBingzheng/memleax,memory-leak
WuBingzheng/memleax,debugger
scouter-project/scouter,scouter
scouter-project/scouter,apm
scouter-project/scouter,java-application
scouter-project/scouter,monitoring
scouter-project/scouter,performance
scouter-project/scouter,performance-monitoring
scouter-project/scouter,asm
scouter-project/scouter,bytecode
scouter-project/scouter,bci
scouter-project/scouter,performance-metrics
scouter-project/scouter,agent
scouter-project/scouter,metrics
scouter-project/scouter,scouter-series
scouter-project/scouter,tomcat
shama/gaze,watch
shama/gaze,watch-files
grantmcconnaughey/django-avatar,python
grantmcconnaughey/django-avatar,django
grantmcconnaughey/django-avatar,avatar
volmer/bootsy,wysiwyg-editor
volmer/bootsy,bootstrap
volmer/bootsy,rails
enthought/traits,python
enthought/traits,dataclasses
enthought/traits,observer-pattern
enthought/traits,types
enthought/traits,gui
enthought/traits,attributes
enthought/traits,runtime-typechecking
29995270/HorizontalRefreshLayout,android-layout-widget
29995270/HorizontalRefreshLayout,refreshlayout
benhoskings/babushka,ruby
benhoskings/babushka,unix
benhoskings/babushka,git
benhoskings/babushka,ops
benhoskings/babushka,automation
Alecrim/AlecrimAsyncKit,async
Alecrim/AlecrimAsyncKit,await
Alecrim/AlecrimAsyncKit,swift
Alecrim/AlecrimAsyncKit,tasks
Alecrim/AlecrimAsyncKit,gcd
flike/kingshard,mysql
flike/kingshard,mysql-proxy
flike/kingshard,kingshard
JohannesBuchner/imagehash,image-hashing-algorithms
JohannesBuchner/imagehash,image-hashing
JohannesBuchner/imagehash,python
avr-rust/rust,rust
avr-rust/rust,avr
avr-rust/rust,arduino
msdx/gradle-translation,gradle
xudafeng/ibeacon-client,beacon
xudafeng/ibeacon-client,objective-c
trotzig/import-js,javascript
trotzig/import-js,importjs
trotzig/import-js,vim
trotzig/import-js,emacs
trotzig/import-js,sublime
trotzig/import-js,atom
trotzig/import-js,vscode
petervanderdoes/gitflow-avh,git-flow
petervanderdoes/gitflow-avh,shell
petervanderdoes/gitflow-avh,git
petervanderdoes/gitflow-avh,workflow
Esri/geometry-api-java,data-management
Esri/geometry-api-java,java
Esri/geometry-api-java,geometry-api-java
wKovacs64/hibp,hibp
wKovacs64/hibp,haveibeenpwned
wKovacs64/hibp,pwned
wKovacs64/hibp,security
wKovacs64/hibp,hack
wKovacs64/hibp,dump
wKovacs64/hibp,breach
wKovacs64/hibp,pastes
wKovacs64/hibp,passwords
wKovacs64/hibp,javascript
wKovacs64/hibp,typescript
wKovacs64/hibp,promise
wKovacs64/hibp,breaches
wKovacs64/hibp,data-breach
wKovacs64/hibp,breach-events
wKovacs64/hibp,deno
fluent/fluent-logger-node,fluentd
fluent/fluent-logger-node,node-js
fluent/fluent-logger-node,fluentd-logger
Gujarats/AndroidVideoPlayer,exoplayer
Gujarats/AndroidVideoPlayer,exoplayer-demo
Gujarats/AndroidVideoPlayer,android-application
Gujarats/AndroidVideoPlayer,android-library
SumiMakito/QuickKV,database
SumiMakito/QuickKV,persistent-database
SumiMakito/QuickKV,kvdb
Haacked/haacked.com,jekyll
Haacked/haacked.com,github-pages
Haacked/haacked.com,blog
evernote/kgb,android
evernote/kgb,automation
evernote/kgb,testing
kazzkiq/CodeFlask.js,javascript
kazzkiq/CodeFlask.js,html
kazzkiq/CodeFlask.js,css
kazzkiq/CodeFlask.js,highlight
kazzkiq/CodeFlask.js,code-editor
json-c/json-c,json
json-c/json-c,c
json-c/json-c,hacktoberfest
xyzlf/ShareSDK,android
xyzlf/ShareSDK,share
xyzlf/ShareSDK,sharesdk
xyzlf/ShareSDK,sdk-android
EventStore/EventStore,cqrs
EventStore/EventStore,eventsourcing
EventStore/EventStore,eventstore
EventStore/EventStore,event-sourcing
EventStore/EventStore,event-store
EventStore/EventStore,database
woxingxiao/DashboardViewDemo,dashboard
level09/enferno,flask
level09/enferno,redis
level09/enferno,celery
level09/enferno,postgresql
level09/enferno,mysql
level09/enferno,sqlalchemy
level09/enferno,python
level09/enferno,webframework
level09/enferno,saas
level09/enferno,hackathon
level09/enferno,css
level09/enferno,vue
level09/enferno,parcel
level09/enferno,docker
level09/enferno,docker-compose
lihongxun945/jquery-weui,weui
lihongxun945/jquery-weui,jquery-weui
lihongxun945/jquery-weui,wechat
mpetroff/pannellum,webgl
mpetroff/pannellum,javascript
mpetroff/pannellum,panorama
mpetroff/pannellum,library
dingjikerbo/BluetoothKit,ble
dingjikerbo/BluetoothKit,android-ble
dingjikerbo/BluetoothKit,beacon
afollestad/photo-affix,android
afollestad/photo-affix,photos
afollestad/photo-affix,stitching
afollestad/photo-affix,collage
afollestad/photo-affix,side-by-side
afollestad/photo-affix,images
randy3k/AlignTab,sublime-text
randy3k/AlignTab,alignment
PyCQA/pycodestyle,python
PyCQA/pycodestyle,pep8
PyCQA/pycodestyle,styleguide
PyCQA/pycodestyle,style-guide
PyCQA/pycodestyle,linter-plugin
PyCQA/pycodestyle,linter-flake8
PyCQA/pycodestyle,flake8-plugin
CartoDB/cartodb,geolocation
CartoDB/cartodb,geospatial
CartoDB/cartodb,location-services
CartoDB/cartodb,postgis
CartoDB/cartodb,carto
macournoyer/neuralconvo,seq2seq
macournoyer/neuralconvo,torch
macournoyer/neuralconvo,machine-learning
macournoyer/neuralconvo,deep-learning
macournoyer/neuralconvo,neural-conversation-models
davideast/Querybase,firebase
davideast/Querybase,firebase-database
write2munish/Akka-Essentials,actors
write2munish/Akka-Essentials,java
write2munish/Akka-Essentials,scala
write2munish/Akka-Essentials,testkit
write2munish/Akka-Essentials,remote-actors
write2munish/Akka-Essentials,akka
write2munish/Akka-Essentials,supervisor
longluo/AndroidProjects,android
longluo/AndroidProjects,java
longluo/AndroidProjects,android-application
longluo/AndroidProjects,demo
longluo/AndroidProjects,androiddemos
longluo/AndroidProjects,google
longluo/AndroidProjects,app
longluo/AndroidProjects,filemanager
longluo/AndroidProjects,database
rbuckton/ReflectDecorators,metadata
rbuckton/ReflectDecorators,decorator-metadata
rbuckton/ReflectDecorators,javascript
rbuckton/ReflectDecorators,typescript
rbuckton/ReflectDecorators,reflection
rbuckton/ReflectDecorators,proposal
jjoe64/GraphView,android
jjoe64/GraphView,android-library
jjoe64/GraphView,graphs
piwik/device-detector,detection-library
piwik/device-detector,php
piwik/device-detector,device-detector
piwik/device-detector,user-agent
piwik/device-detector,bot-detection
piwik/device-detector,mobile-detection
piwik/device-detector,hacktoberfest
stackcss/sheetify,css
stackcss/sheetify,bundler
stackcss/sheetify,browserify
ShprAlex/SproutLife,game-of-life
ShprAlex/SproutLife,evolution
ShprAlex/SproutLife,life
ShprAlex/SproutLife,genetic-algorithms
victorcoder/dkron,scheduled-jobs
victorcoder/dkron,fault-tolerance
victorcoder/dkron,cron
victorcoder/dkron,distributed-systems
bfirsh/loom,puppet
bfirsh/loom,fabric-tasks
bfirsh/loom,fabric
bfirsh/loom,deployment
jfrazelle/weather,weather
jfrazelle/weather,cli
jfrazelle/weather,darksky
jfrazelle/weather,go
vsoft-lab/HubTaxi-Server,uber
vsoft-lab/HubTaxi-Server,grab
demonnico/PinterestSwift,swift
demonnico/PinterestSwift,transition-pinterest
demonnico/PinterestSwift,pinterest-like
gdisf/teaching-materials,html
gdisf/teaching-materials,workshop
gdisf/teaching-materials,javascript
gdisf/teaching-materials,css
gdisf/teaching-materials,curriculum-creation
gdisf/teaching-materials,jquery
gdisf/teaching-materials,curriculum-development
gdisf/teaching-materials,education
gdisf/teaching-materials,curriculum
gdisf/teaching-materials,curriculum-design
gdisf/teaching-materials,workshops
gdisf/teaching-materials,workshop-materials
gdisf/teaching-materials,educational-resources
gdisf/teaching-materials,educational-materials
stefanceriu/SCXcodeMiniMap,xcode
stefanceriu/SCXcodeMiniMap,plugin
stefanceriu/SCXcodeMiniMap,minimap
stefanceriu/SCXcodeMiniMap,xcode-plugin
mohamedmansour/prayer-times-extension,prayer-times
mohamedmansour/prayer-times-extension,islam
mohamedmansour/prayer-times-extension,muslim
mohamedmansour/prayer-times-extension,ramadan
mohamedmansour/prayer-times-extension,qibla
kartik-v/bootstrap-star-rating,bootstrap-star-rating
kartik-v/bootstrap-star-rating,rate-control
kartik-v/bootstrap-star-rating,javascript
kartik-v/bootstrap-star-rating,star
kartik-v/bootstrap-star-rating,css
kartik-v/bootstrap-star-rating,rating
kartik-v/bootstrap-star-rating,jquery
kartik-v/bootstrap-star-rating,change-stars
kartik-v/bootstrap-star-rating,star-symbols
kartik-v/bootstrap-star-rating,rtl
kartik-v/bootstrap-star-rating,caption
kartik-v/bootstrap-star-rating,fractional
kartik-v/bootstrap-star-rating,css-styles
FineUploader/fine-uploader,fineuploader
FineUploader/fine-uploader,javascript
FineUploader/fine-uploader,web-development
FineUploader/fine-uploader,files
FineUploader/fine-uploader,vanilla-javascript
FineUploader/fine-uploader,vanilla-js
FineUploader/fine-uploader,standalone
FineUploader/fine-uploader,api
FineUploader/fine-uploader,file-upload
FineUploader/fine-uploader,javascript-library
FineUploader/fine-uploader,dropzone
nwjs/nw-builder,nwjs
nwjs/nw-builder,node-webkit
acrisci/playerctl,mpris
acrisci/playerctl,cli
acrisci/playerctl,vlc
acrisci/playerctl,mediaplayer
acrisci/playerctl,c
acrisci/playerctl,cmus
acrisci/playerctl,mopidy
acrisci/playerctl,audacious
acrisci/playerctl,rhythmbox
acrisci/playerctl,mpd
insin/msx,deprecated
insin/msx,unmaintained
insin/msx,mithril
insin/msx,jsx
h6ah4i/android-tablayouthelper,android
h6ah4i/android-tablayouthelper,tabs
h6ah4i/android-tablayouthelper,tablayout
dotcloud/docker,docker
dotcloud/docker,containers
dotcloud/docker,go
algolia/places,algolia
algolia/places,places
algolia/places,geolocation
algolia/places,geo
algolia/places,autocomplete
algolia/places,geocoder
lamerman/shellpy,shell
lamerman/shellpy,shell-script
lamerman/shellpy,python
Sottti/OkHttpVolleyGson,volley
Sottti/OkHttpVolleyGson,gson
Sottti/OkHttpVolleyGson,okhttp
Sottti/OkHttpVolleyGson,android
riophae/Ripple,fanfou
riophae/Ripple,oauth
riophae/Ripple,javascript
riophae/Ripple,sdk
liferay/senna.js,senna
liferay/senna.js,spa
liferay/senna.js,single-page-app
paullouisageneau/Teapotnet,social-network
paullouisageneau/Teapotnet,distributed
paullouisageneau/Teapotnet,file-sharing
paullouisageneau/Teapotnet,cpp
lovell/sharp,javascript
lovell/sharp,webp
lovell/sharp,image-processing
lovell/sharp,jpeg
lovell/sharp,png
lovell/sharp,nodejs
lovell/sharp,tiff
lovell/sharp,svg
lovell/sharp,libvips
lovell/sharp,exif
lovell/sharp,icc
lovell/sharp,image
lovell/sharp,performance
lovell/sharp,crop
lovell/sharp,resize
lovell/sharp,sharp
lovell/sharp,avif
aliyun-UED/aliyun-sdk-js,javascript
aliyun-UED/aliyun-sdk-js,aliyun
aliyun-UED/aliyun-sdk-js,sdk
aliyun-UED/aliyun-sdk-js,nodejs
aliyun-UED/aliyun-sdk-js,openapi
aliyun-UED/aliyun-sdk-js,ecs
aliyun-UED/aliyun-sdk-js,rds
aliyun-UED/aliyun-sdk-js,oss
aliyun-UED/aliyun-sdk-js,slb
aliyun-UED/aliyun-sdk-js,ots
aliyun-UED/aliyun-sdk-js,cdn
aliyun-UED/aliyun-sdk-js,sls
aliyun-UED/aliyun-sdk-js,mts
WhichBrowser/Parser,php
WhichBrowser/Parser,whichbrowser
WhichBrowser/Parser,user-agent
WhichBrowser/Parser,library
WebReflection/document-register-element,polyfill
WebReflection/document-register-element,customelements
WebReflection/document-register-element,custom
WebReflection/document-register-element,element
WebReflection/document-register-element,v1
WebReflection/document-register-element,v0
mandar2812/DynaML,machine-learning
mandar2812/DynaML,scala
mandar2812/DynaML,regression
mandar2812/DynaML,repl
mandar2812/DynaML,committee-models
mandar2812/DynaML,classification
mandar2812/DynaML,gaussian-processes
mandar2812/DynaML,scala-library
mandar2812/DynaML,machine-learning-api
mandar2812/DynaML,machine-learning-algorithms
mandar2812/DynaML,kernel-methods
mandar2812/DynaML,tensorflow
flexih/Cafe,cafe
flexih/Cafe,swift3
flexih/Cafe,sit
flexih/Cafe,sculpting-in-time
openfl/lime,haxe
plotly/plotly.js,data-visualization
plotly/plotly.js,d3
plotly/plotly.js,webgl
plotly/plotly.js,plotly
plotly/plotly.js,charting-library
plotly/plotly.js,charts
plotly/plotly.js,visualization
plotly/plotly.js,plotly-dash
plotly/plotly.js,regl
fengyuanchen/viewerjs,javascript
fengyuanchen/viewerjs,viewer
fengyuanchen/viewerjs,image
fengyuanchen/viewerjs,image-viewer
dreamfactorysoftware/dreamfactory,dreamfactory
dreamfactorysoftware/dreamfactory,laravel
dreamfactorysoftware/dreamfactory,framework
dreamfactorysoftware/dreamfactory,php
dreamfactorysoftware/dreamfactory,api
dreamfactorysoftware/dreamfactory,rest
dreamfactorysoftware/dreamfactory,openapi
dreamfactorysoftware/dreamfactory,automatic-api
mmin18/LayoutCast,android
mmin18/LayoutCast,eclipse
mmin18/LayoutCast,adt
pr1ntf/iohyve,freebsd
pr1ntf/iohyve,bhyve
pr1ntf/iohyve,zfs
pr1ntf/iohyve,virtualization
pr1ntf/iohyve,shell
pr1ntf/iohyve,bsd-license
nakajijapan/PhotoSlider,swift
nakajijapan/PhotoSlider,kingfisher
nakajijapan/PhotoSlider,carthage
nakajijapan/PhotoSlider,viewcontroller
nakajijapan/PhotoSlider,photo-slider
nakajijapan/PhotoSlider,sdwebimage
nakajijapan/PhotoSlider,xcode
mathquill/mathquill,javascript
mathquill/mathquill,formula
mathquill/mathquill,equation
mathquill/mathquill,expression
mathquill/mathquill,math
mathquill/mathquill,editor
boazsegev/iodine,ruby
boazsegev/iodine,websocket-server
boazsegev/iodine,webserver
boazsegev/iodine,ruby-mri
boazsegev/iodine,rack
boazsegev/iodine,server
boazsegev/iodine,http-server
boazsegev/iodine,pubsub
boazsegev/iodine,redis-client
boazsegev/iodine,eventmachine
boazsegev/iodine,sse
boazsegev/iodine,event-source
boazsegev/iodine,cluster
boazsegev/iodine,concurrent-connections
boazsegev/iodine,redis
boazsegev/iodine,websocket-protocol
studyzy/imewlconverter,ime
studyzy/imewlconverter,c-sharp
studyzy/imewlconverter,converter
studyzy/imewlconverter,chinese-characters
studyzy/imewlconverter,dotnet
studyzy/imewlconverter,dotnet-core
simplezhli/Dagger2Example,dagger
simplezhli/Dagger2Example,androidinjection
simplezhli/Dagger2Example,android
manxisuo/ZhihuMagnifier,chrome-extension
manxisuo/ZhihuMagnifier,zhihu
coreos/rkt,rkt
coreos/rkt,go
coreos/rkt,containers
coreos/rkt,oci
coreos/rkt,pods
marktony/FanfouHandpick,android
marktony/FanfouHandpick,kotlin
marktony/FanfouHandpick,kotlin-android
marktony/FanfouHandpick,fanfou
owner888/phpspider,php
owner888/phpspider,phpspider
symfony/symfony-installer,php
symfony/symfony-installer,symfony
symfony/symfony-installer,installer
django-haystack/pysolr,python
django-haystack/pysolr,solr
django-haystack/pysolr,solr-client
django-haystack/pysolr,solr-search
django-haystack/pysolr,pysolr
tiann/markdown-img-upload,alfred
tiann/markdown-img-upload,markdown
rhysd/NyaoVim,neovim
rhysd/NyaoVim,editor
rhysd/NyaoVim,gui
rhysd/NyaoVim,electron
rhysd/NyaoVim,polymer
rhysd/NyaoVim,desktop-app
yadayada/acd_cli,amazon-drive
yadayada/acd_cli,fuse-filesystem
lfkdsk/webim,webim
lfkdsk/webim,openfire-asmack-android
lfkdsk/webim,im
mpeterv/luacheck,lua
mpeterv/luacheck,linter
Entware/entware,entware
Entware/entware,buildroot
Flexget/Flexget,python
Flexget/Flexget,automation
Flexget/Flexget,torrent
Flexget/Flexget,movies
Flexget/Flexget,tv
Flexget/Flexget,rss
Flexget/Flexget,hacktoberfest
Urigo/angular-meteor,angular
Urigo/angular-meteor,angularjs
Urigo/angular-meteor,meteor
Urigo/angular-meteor,angular-meteor
Urigo/angular-meteor,angular2-meteor
Urigo/angular-meteor,node
apache/groovy,groovy
apache/groovy,jvm-languages
apache/groovy,programming-language
apache/groovy,metaprogramming
apache/groovy,functional-programming
apache/groovy,dynamic-typing
apache/groovy,static-typing
apache/groovy,compiler
apache/groovy,apache
ChaiScript/ChaiScript,c-plus-plus
ChaiScript/ChaiScript,embedded-scripting-language
ChaiScript/ChaiScript,cpp
ChaiScript/ChaiScript,language
Microsoft/Git-Credential-Manager-for-Windows,git
Microsoft/Git-Credential-Manager-for-Windows,credential-storage
Microsoft/Git-Credential-Manager-for-Windows,windows
Microsoft/Git-Credential-Manager-for-Windows,visual-studio
Microsoft/Git-Credential-Manager-for-Windows,github
Microsoft/Git-Credential-Manager-for-Windows,visual-studio-team-services
Microsoft/Git-Credential-Manager-for-Windows,tfs
Microsoft/Git-Credential-Manager-for-Windows,authentication
Microsoft/Git-Credential-Manager-for-Windows,multi-factor-authentication
Microsoft/Git-Credential-Manager-for-Windows,bitbucket
Microsoft/Git-Credential-Manager-for-Windows,visual-studio-code
albertogasparin/borderBoxModel,ie6
albertogasparin/borderBoxModel,ie7
albertogasparin/borderBoxModel,css-polyfill
albertogasparin/borderBoxModel,css3
stealth/grab,grep
stealth/grab,pcre
stealth/grab,hyperscan
stealth/grab,regex
stealth/grab,fast
stealth/grab,parallel-programming
stealth/grab,search
stealth/grab,silver-searcher
stealth/grab,ripgrep
apache/spark,python
apache/spark,scala
apache/spark,r
apache/spark,java
apache/spark,big-data
apache/spark,jdbc
apache/spark,sql
apache/spark,spark
JSQLParser/JSqlParser,sql
JSQLParser/JSqlParser,java
JSQLParser/JSqlParser,parser
JSQLParser/JSqlParser,ast
JSQLParser/JSqlParser,postgresql
JSQLParser/JSqlParser,mysql
JSQLParser/JSqlParser,sqlserver
JSQLParser/JSqlParser,jsqlparser
JSQLParser/JSqlParser,hierarchy
JSQLParser/JSqlParser,statement
JSQLParser/JSqlParser,paypal
JSQLParser/JSqlParser,sql-statement
JSQLParser/JSqlParser,oracle
certbot/certbot,acme
certbot/certbot,acme-client
certbot/certbot,certbot
certbot/certbot,certificate
certbot/certbot,letsencrypt
certbot/certbot,python
isaced/ISEmojiView,emoji
isaced/ISEmojiView,emoji-keyboard
isaced/ISEmojiView,swift
commonsguy/cwac-security,android
commonsguy/cwac-security,android-library
commonsguy/cwac-security,android-security
alexzaitsev/freepager,android
alexzaitsev/freepager,android-ui
alexzaitsev/freepager,ui
alexzaitsev/freepager,java
alexzaitsev/freepager,android-library
alexzaitsev/freepager,view
alexzaitsev/freepager,custom-view
nwjs/nw.js,web-application-framework
nwjs/nw.js,javascript
nwjs/nw.js,desktop
nwjs/nw.js,node-webkit
nwjs/nw.js,nwjs
nwjs/nw.js,nodejs
DataSystemsLab/recdb-postgresql,recommendation-algorithms
DataSystemsLab/recdb-postgresql,database
DataSystemsLab/recdb-postgresql,recommendation-engine
DataSystemsLab/recdb-postgresql,recommender-system
DataSystemsLab/recdb-postgresql,recommendation
DataSystemsLab/recdb-postgresql,recommendation-system
DataSystemsLab/recdb-postgresql,machine-learning
jessepollak/payment,payments
jessepollak/payment,credit-card
jessepollak/payment,javascript
jessepollak/payment,payment
jessepollak/payment,coffeescript
GoClipse/goclipse,eclipse
GoClipse/goclipse,ide
GoClipse/goclipse,golang
BlackrockDigital/startbootstrap-agency,bootstrap
BlackrockDigital/startbootstrap-agency,html
BlackrockDigital/startbootstrap-agency,bootstrap4
BlackrockDigital/startbootstrap-agency,bootstrap-4
BlackrockDigital/startbootstrap-agency,bootstrap-theme
BlackrockDigital/startbootstrap-agency,bootstrap-template
BlackrockDigital/startbootstrap-agency,open-source
BlackrockDigital/startbootstrap-agency,free
BlackrockDigital/startbootstrap-agency,theme
BlackrockDigital/startbootstrap-agency,css
BlackrockDigital/startbootstrap-agency,bootstrap5
BlackrockDigital/startbootstrap-agency,bootstrap5-template
jxnblk/reflexbox,react
jxnblk/reflexbox,flexbox
jxnblk/reflexbox,grid
jxnblk/reflexbox,react-component
jxnblk/reflexbox,css-in-js
jxnblk/reflexbox,grid-component
coleifer/walrus,redis
coleifer/walrus,python
coleifer/walrus,orm
coleifer/walrus,full-text-search
coleifer/walrus,autocomplete
coleifer/walrus,database
cokebar/gfwlist2dnsmasq,gfwlist
cokebar/gfwlist2dnsmasq,dnsmasq
ngs/ci2go,circleci
ngs/ci2go,swift
ngs/ci2go,ios
ngs/ci2go,continuous-integration
ngs/ci2go,macos
ngs/ci2go,maccatalyst
RazrFalcon/SVGCleaner,svg
RazrFalcon/SVGCleaner,cleaner
RazrFalcon/SVGCleaner,rust
galkahana/HummusJS,pdf-generation
galkahana/HummusJS,pdf-parsing
galkahana/HummusJS,pdf-modification
galkahana/HummusJS,nodejs
galkahana/HummusJS,pdf-manipulation
rpm-software-management/dnf,dnf
rpm-software-management/dnf,libdnf
rpm-software-management/dnf,rpm
rpm-software-management/dnf,package-manager
rpm-software-management/dnf,python
jeduan/cordova-plugin-facebook4,cordova
comyarzaheri/Sol,sol
comyarzaheri/Sol,weather
comyarzaheri/Sol,objective-c
comyarzaheri/Sol,wunderground
comyarzaheri/Sol,iphone
comyarzaheri/Sol,ios
comyarzaheri/Sol,ios-app
DemocracyOS/democracyos,voting
DemocracyOS/democracyos,democracy
DemocracyOS/democracyos,decision-making
DemocracyOS/democracyos,poll
DemocracyOS/democracyos,javascript
DemocracyOS/democracyos,democracyos
DemocracyOS/democracyos,deliberation
DemocracyOS/democracyos,political-proposals
clvrobj/Pinboard-Plus,pinboard
clvrobj/Pinboard-Plus,javascript
clvrobj/Pinboard-Plus,chrome-extension
clvrobj/Pinboard-Plus,extension
clvrobj/Pinboard-Plus,angularjs
mapbox/mapbox-sdk-py,satellite
paulcbetts/electron-prebuilt-compile,electron
hirohisa/ImageLoaderSwift,imageloader
hirohisa/ImageLoaderSwift,swift
hirohisa/ImageLoaderSwift,carthage
hirohisa/ImageLoaderSwift,uiimageview
hirohisa/ImageLoaderSwift,cocoapods
hirohisa/ImageLoaderSwift,xcode
llvm-mirror/lldb,debugger
llvm-mirror/lldb,lldb
llvm-mirror/lldb,gdb
QuickBlox/quickblox-ios-sdk,quickblox
QuickBlox/quickblox-ios-sdk,quickblox-ios-sdk
QuickBlox/quickblox-ios-sdk,objective-c
QuickBlox/quickblox-ios-sdk,sdk
QuickBlox/quickblox-ios-sdk,communication
QuickBlox/quickblox-ios-sdk,cocoapods
QuickBlox/quickblox-ios-sdk,messaging
QuickBlox/quickblox-ios-sdk,videocalling
QuickBlox/quickblox-ios-sdk,webrtc
QuickBlox/quickblox-ios-sdk,chat
QuickBlox/quickblox-ios-sdk,video
QuickBlox/quickblox-ios-sdk,custom
QuickBlox/quickblox-ios-sdk,swift
QuickBlox/quickblox-ios-sdk,xmpp
QuickBlox/quickblox-ios-sdk,attachments
QuickBlox/quickblox-ios-sdk,ios
QuickBlox/quickblox-ios-sdk,for-developers
andreruffert/rangeslider.js,rangeslider
andreruffert/rangeslider.js,ui
andreruffert/rangeslider.js,range-slider
andreruffert/rangeslider.js,polyfill
andreruffert/rangeslider.js,jquery-plugin
andreruffert/rangeslider.js,javascript
andreruffert/rangeslider.js,jquery
andreruffert/rangeslider.js,sliders
taigaio/taiga-front,taiga
taigaio/taiga-front,project-management
taigaio/taiga-front,angular
yulingtianxia/HardChoice,swift
yulingtianxia/HardChoice,coredata
yulingtianxia/HardChoice,icloud
yulingtianxia/HardChoice,ios-app
taigaio/taiga-back,hacktoberfest
taigaio/taiga-back,taiga
taigaio/taiga-back,taiga-codebase
Netflix/feign,java
Netflix/feign,http-client
Netflix/feign,jax-rs
Netflix/feign,okhttp3
Netflix/feign,slf4j
Netflix/feign,interface
Netflix/feign,hacktoberfest
yakyak/yakyak,google-hangouts
yakyak/yakyak,yakyak
yakyak/yakyak,notifications
yakyak/yakyak,chat
yakyak/yakyak,client
yakyak/yakyak,cross-platform
psi-probe/psi-probe,psi-probe
psi-probe/psi-probe,java
psi-probe/psi-probe,tomcat
venshine/AppUninstall,uninstall
venshine/AppUninstall,android
tappleby/redux-batched-subscribe,redux
tappleby/redux-batched-subscribe,store-enhancer
tappleby/redux-batched-subscribe,performance
tappleby/redux-batched-subscribe,batching
pentaho/mondrian,mondrian
pentaho/mondrian,olap
pentaho/mondrian,java
pentaho/mondrian,mdx
pentaho/mondrian,database
cristian-henrique/Steganography,steganography
cristian-henrique/Steganography,cryptography
cristian-henrique/Steganography,python
cristian-henrique/Steganography,criptografia
cristian-henrique/Steganography,algoritmo-de-criptografia
collective/jquery.recurrenceinput.js,hacktoberfest
netzwerg/gradle-release-plugin,gradle-plugin
netzwerg/gradle-release-plugin,semantic-versioning
netzwerg/gradle-release-plugin,release-automation
mvdan/xurls,go
mvdan/xurls,extract-urls
mvdan/xurls,tld
jcbrand/converse.js,xmpp
jcbrand/converse.js,xmpp-client
jcbrand/converse.js,jabber
jcbrand/converse.js,chat
jcbrand/converse.js,omemo
jcbrand/converse.js,lit
neovimhaskell/nvim-hs,neovim
neovimhaskell/nvim-hs,nvim
neovimhaskell/nvim-hs,haskell
neovimhaskell/nvim-hs,haskell-plugins
neovimhaskell/nvim-hs,neovim-api
neovimhaskell/nvim-hs,nvim-hs
xiaomeixw/NoRxJava,rxjava-library
xiaomeixw/NoRxJava,rxjava-android
xiaomeixw/NoRxJava,learning-rxjava
xiaomeixw/NoRxJava,rxjava-essentials
xiaomeixw/NoRxJava,rxjava-observable
shadowsocks/shadowsocks-qt5,shadowsocks
shadowsocks/shadowsocks-qt5,cross-platform
shadowsocks/shadowsocks-qt5,proxy
shadowsocks/shadowsocks-qt5,qt5
drush-ops/drush,php
drush-ops/drush,drush
drush-ops/drush,drupal
drush-ops/drush,symfony
drush-ops/drush,cli
drush-ops/drush,psysh
drush-ops/drush,circleci
ShabbyX/libpandoc,pandoc
ShabbyX/libpandoc,haskell
lincanbin/Carbon-Probe,linux
lincanbin/Carbon-Probe,php
lincanbin/Carbon-Probe,monitor
lincanbin/Carbon-Probe,performance-monitoring
lincanbin/Carbon-Probe,probe
lincanbin/Carbon-Probe,peration-and-maintenance
lincanbin/Carbon-Probe,operation-and-maintenance
sdogruyol/kemal,crystal
sdogruyol/kemal,kemal
sdogruyol/kemal,web-framework
sdogruyol/kemal,websocket
sdogruyol/kemal,api
sdogruyol/kemal,fast
sdogruyol/kemal,simple
jgeboski/purple-facebook,libpurple
jgeboski/purple-facebook,facebook
jgeboski/purple-facebook,pidgin
jgeboski/purple-facebook,purple
jgeboski/purple-facebook,chat
hiloteam/Hilo,canvas
hiloteam/Hilo,webgl
hiloteam/Hilo,game
hiloteam/Hilo,hilo
drudge/mongoose-findorcreate,mongoose
drudge/mongoose-findorcreate,mongoose-plugin
devxoul/Then,swift
devxoul/Then,syntactic-sugar
invercity/mobile-cardio,android
invercity/mobile-cardio,scp-format
invercity/mobile-cardio,java
invercity/mobile-cardio,ecg-signal
invercity/mobile-cardio,eclipse
Maximus5/ConEmu,conemu
Maximus5/ConEmu,customizable
Maximus5/ConEmu,windows
Maximus5/ConEmu,terminal
Maximus5/ConEmu,console
Maximus5/ConEmu,shell
Maximus5/ConEmu,command-line
arteria/django-background-tasks,python
arteria/django-background-tasks,django
arteria/django-background-tasks,queue
arteria/django-background-tasks,queueing
arteria/django-background-tasks,background-jobs
arteria/django-background-tasks,background-thread
arteria/django-background-tasks,background-sync
jedisct1/libsodium-php,libsodium
jedisct1/libsodium-php,libsodium-php
jedisct1/libsodium-php,php-extension
jedisct1/libsodium-php,cryptography
jedisct1/libsodium-php,crypto
jedisct1/libsodium-php,php
jedisct1/libsodium-php,security
jedisct1/libsodium-php,halite
cbeyls/fosdem-companion-android,fosdem
cbeyls/fosdem-companion-android,android
cbeyls/fosdem-companion-android,kotlin
fmtvp/tal,javascript
fmtvp/tal,tv-applications
onevcat/Kingfisher,swift
onevcat/Kingfisher,kingfisher
onevcat/Kingfisher,image
onevcat/Kingfisher,cache
onevcat/Kingfisher,filters
onevcat/Kingfisher,image-processor
onevcat/Kingfisher,xcode
onevcat/Kingfisher,ios
onevcat/Kingfisher,macos
datawrapper/datawrapper,datawrapper
datawrapper/datawrapper,visualization
datawrapper/datawrapper,ddj
datawrapper/datawrapper,tool
datawrapper/datawrapper,mapping
smicallef/spiderfoot,reconnaissance
smicallef/spiderfoot,footprinting
smicallef/spiderfoot,osint
smicallef/spiderfoot,threatintel
smicallef/spiderfoot,python
smicallef/spiderfoot,infosec
smicallef/spiderfoot,intelligence-gathering
smicallef/spiderfoot,osint-reconnaissance
smicallef/spiderfoot,attack-surface
smicallef/spiderfoot,pentesting
smicallef/spiderfoot,threat-intelligence
smicallef/spiderfoot,security-tools
smicallef/spiderfoot,information-gathering
smicallef/spiderfoot,cybersecurity
smicallef/spiderfoot,cti
smicallef/spiderfoot,osint-framework
smicallef/spiderfoot,attacksurface
smicallef/spiderfoot,osint-tool
smicallef/spiderfoot,pentest
smicallef/spiderfoot,hacking
kubernetes/kubernetes,kubernetes
kubernetes/kubernetes,go
kubernetes/kubernetes,cncf
kubernetes/kubernetes,containers
djhworld/gomeboycolor,emulator
djhworld/gomeboycolor,golang
djhworld/gomeboycolor,go
klinker24/Android-3DTouch-PeekView,android
klinker24/Android-3DTouch-PeekView,java
teijo/jquery-bracket,tournament
teijo/jquery-bracket,organizer
teijo/jquery-bracket,brackets
teijo/jquery-bracket,gaming
teijo/jquery-bracket,events
teijo/jquery-bracket,esports
jonschlinkert/remarkable,commonmark
jonschlinkert/remarkable,gfm
jonschlinkert/remarkable,markdown
jonschlinkert/remarkable,parser
jonschlinkert/remarkable,md
jonschlinkert/remarkable,syntax-highlighting
jonschlinkert/remarkable,nodejs
jonschlinkert/remarkable,javascript
jonschlinkert/remarkable,markdown-parser
jonschlinkert/remarkable,node
jonschlinkert/remarkable,markdown-it
jonschlinkert/remarkable,jonschlinkert
jonschlinkert/remarkable,parse
jonschlinkert/remarkable,compile
jonschlinkert/remarkable,docusaurus
spacy-io/spaCy,natural-language-processing
spacy-io/spaCy,data-science
spacy-io/spaCy,machine-learning
spacy-io/spaCy,python
spacy-io/spaCy,cython
spacy-io/spaCy,nlp
spacy-io/spaCy,artificial-intelligence
spacy-io/spaCy,ai
spacy-io/spaCy,spacy
spacy-io/spaCy,nlp-library
spacy-io/spaCy,neural-network
spacy-io/spaCy,neural-networks
spacy-io/spaCy,deep-learning
spacy-io/spaCy,named-entity-recognition
spacy-io/spaCy,entity-linking
spacy-io/spaCy,text-classification
spacy-io/spaCy,tokenization
needim/wdt-emoji-bundle,emoji-picker
needim/wdt-emoji-bundle,twemoji
needim/wdt-emoji-bundle,emojione
needim/wdt-emoji-bundle,apple
needim/wdt-emoji-bundle,slack
needim/wdt-emoji-bundle,twitter
needim/wdt-emoji-bundle,ios
needim/wdt-emoji-bundle,emoji
needim/wdt-emoji-bundle,wdt-emoji-bundle
needim/wdt-emoji-bundle,facebook
needim/wdt-emoji-bundle,messenger
needim/wdt-emoji-bundle,picker-emoji
MasayukiSuda/FPSAnimator,android
MasayukiSuda/FPSAnimator,tween
MasayukiSuda/FPSAnimator,spritesheet
MasayukiSuda/FPSAnimator,textureview
MasayukiSuda/FPSAnimator,surfaceview
MasayukiSuda/FPSAnimator,animation
MasayukiSuda/FPSAnimator,animation-library
MasayukiSuda/FPSAnimator,android-textureview
internetarchive/openlibrary,internet-archive
internetarchive/openlibrary,open-source
internetarchive/openlibrary,books
internetarchive/openlibrary,library-catalogue
internetarchive/openlibrary,hacktoberfest
internetarchive/openlibrary,hacktoberfest2021
hiteshsahu/DiamondGrid-Layout,android-grid
hiteshsahu/DiamondGrid-Layout,experiment
hiteshsahu/DiamondGrid-Layout,ui-concept
Netflix/vizceral,graph
Netflix/vizceral,traffic
Netflix/vizceral,visualization
Netflix/vizceral,webgl
Netflix/vizceral,monitoring
ericleong/scrollshot,android
ericleong/scrollshot,stitching-screenshots
ericleong/scrollshot,utility
KonradIT/goprowifihack,gopro
KonradIT/goprowifihack,hero3
KonradIT/goprowifihack,hero4
KonradIT/goprowifihack,wifi
KonradIT/goprowifihack,apidoc
KonradIT/goprowifihack,hack
KonradIT/goprowifihack,gopro-cameras
KonradIT/goprowifihack,hero2
KonradIT/goprowifihack,wifi-bacpac
KonradIT/goprowifihack,hobbyists
KonradIT/goprowifihack,gopro-developer
KonradIT/goprowifihack,hero5
kishikawakatsumi/UICKeyChainStore,keychain
kishikawakatsumi/UICKeyChainStore,touch-id
kishikawakatsumi/UICKeyChainStore,security
driftyco/ionicons,ionicons
driftyco/ionicons,icons
driftyco/ionicons,icon-pack
driftyco/ionicons,iconset
driftyco/ionicons,ionic
driftyco/ionicons,stenciljs
driftyco/ionicons,webcomponents
DAddYE/vips,vips
DAddYE/vips,jpeg
DAddYE/vips,go
DAddYE/vips,imagemagick
DAddYE/vips,libvips
theintern/intern,intern
theintern/intern,typescript
theintern/intern,javascript
theintern/intern,testing
theintern/intern,coverage
theintern/intern,webdriver
dokku/dokku,dokku
dokku/dokku,paas
dokku/dokku,heroku
dokku/dokku,docker
dokku/dokku,kubernetes
dokku/dokku,nomad
dokku/dokku,containers
dokku/dokku,buildpack
dokku/dokku,devops
commonsguy/cwac-provider,android
commonsguy/cwac-provider,android-library
commonsguy/cwac-provider,android-provider
OmniSharp/omnisharp-roslyn,csharp
OmniSharp/omnisharp-roslyn,dotnet-sdk
OmniSharp/omnisharp-roslyn,dotnet
OmniSharp/omnisharp-roslyn,omnisharp
OmniSharp/omnisharp-roslyn,roslyn
cmusphinx/pocketsphinx,speech-recognition
cmusphinx/pocketsphinx,python
cmusphinx/pocketsphinx,c
bcit-ci/CodeIgniter4,php
bcit-ci/CodeIgniter4,codeigniter
bcit-ci/CodeIgniter4,codeigniter4
bcit-ci/CodeIgniter4,framework-php
bcit-ci/CodeIgniter4,hacktoberfest
tengusw/share_to_clipboard,clipboard
tengusw/share_to_clipboard,android
tengusw/share_to_clipboard,java
mininet/mininet,mininet
mininet/mininet,openflow
mininet/mininet,sdn
mininet/mininet,emulator
mininet/mininet,python
mininet/mininet,network-namespaces
mininet/mininet,linux
racker/falcon,python
racker/falcon,framework
racker/falcon,rest
racker/falcon,microservices
racker/falcon,web
racker/falcon,api
racker/falcon,http
racker/falcon,wsgi
racker/falcon,asgi
racker/falcon,api-rest
racker/falcon,hacktoberfest-accepted
racker/falcon,hacktoberfest2022
racker/falcon,hacktoberfest
prideout/heman,heightmap
prideout/heman,distance-field
prideout/heman,graphics
DreaminginCodeZH/CustomTabsHelper,android
DreaminginCodeZH/CustomTabsHelper,android-library
DreaminginCodeZH/CustomTabsHelper,customtabs
InkProject/ink,golang
InkProject/ink,javascript
InkProject/ink,static-site-generator
InkProject/ink,blog-engine
fanout/pushpin,http-streaming
fanout/pushpin,websockets
fanout/pushpin,long-polling
fanout/pushpin,realtime
fanout/pushpin,push
fanout/pushpin,proxy
fanout/pushpin,api
fanout/pushpin,server-sent-events
fanout/pushpin,zeromq
fanout/pushpin,streaming
raphamorim/waterfall.js,pinterest
raphamorim/waterfall.js,grid
raphamorim/waterfall.js,css
raphamorim/waterfall.js,waterfall
raphamorim/waterfall.js,layout
raphamorim/waterfall.js,cascading
cea-sec/ivre,python
cea-sec/ivre,bro
cea-sec/ivre,scans
cea-sec/ivre,nmap
cea-sec/ivre,network
cea-sec/ivre,network-analysis
cea-sec/ivre,network-discovery
cea-sec/ivre,network-monitoring
cea-sec/ivre,scan-ports
cea-sec/ivre,security
cea-sec/ivre,network-security
cea-sec/ivre,nmap-results-analyse
cea-sec/ivre,nmap-parser
cea-sec/ivre,nmap-scripts
cea-sec/ivre,zeek
cea-sec/ivre,masscan
cea-sec/ivre,osint
cea-sec/ivre,osint-python
cea-sec/ivre,osint-reconnaissance
cea-sec/ivre,hacktoberfest
Unitech/pm2,pm2
Unitech/pm2,nodejs
Unitech/pm2,node
Unitech/pm2,process-manager
Unitech/pm2,monitoring
Unitech/pm2,load-balancer
Unitech/pm2,production
Unitech/pm2,deploy
Unitech/pm2,command-line
Unitech/pm2,command-line-tool
InvoicePlane/InvoicePlane,php
InvoicePlane/InvoicePlane,invoices
InvoicePlane/InvoicePlane,invoicing
InvoicePlane/InvoicePlane,open-source
InvoicePlane/InvoicePlane,crm
InvoicePlane/InvoicePlane,billing
InvoicePlane/InvoicePlane,invoiceplane
InvoicePlane/InvoicePlane,codeigniter
ManyFace/ExtractDexFromOat,oat
ManyFace/ExtractDexFromOat,dex-files
ManyFace/ExtractDexFromOat,extracted-dex-files
spoqa/sqlalchemy-enum34,sqlalchemy
spoqa/sqlalchemy-enum34,orm
spoqa/sqlalchemy-enum34,databases
spoqa/sqlalchemy-enum34,enum
spoqa/sqlalchemy-enum34,python
greenplum-db/gpdb,greenplum-database
greenplum-db/gpdb,gpdb
greenplum-db/gpdb,mpp
greenplum-db/gpdb,postgresql
greenplum-db/gpdb,data-warehouse
greenplum-db/gpdb,database
greenplum-db/gpdb,htap
greenplum-db/gpdb,analytics
bfontaine/freesms,python
bfontaine/freesms,sms
bfontaine/freesms,free-mobile
FabrizioBrancati/BFKit-Swift,carthage
FabrizioBrancati/BFKit-Swift,swift
FabrizioBrancati/BFKit-Swift,swift-extensions
FabrizioBrancati/BFKit-Swift,xcode
FabrizioBrancati/BFKit-Swift,swift-package-manager
FabrizioBrancati/BFKit-Swift,ios
FabrizioBrancati/BFKit-Swift,linux
FabrizioBrancati/BFKit-Swift,cocoapods
FabrizioBrancati/BFKit-Swift,foundation
FabrizioBrancati/BFKit-Swift,uikit
FabrizioBrancati/BFKit-Swift,bfkit
FabrizioBrancati/BFKit-Swift,swift-3
FabrizioBrancati/BFKit-Swift,codecov
FabrizioBrancati/BFKit-Swift,codebeat
FabrizioBrancati/BFKit-Swift,bfkit-swift
FabrizioBrancati/BFKit-Swift,watchkit
FabrizioBrancati/BFKit-Swift,macos
FabrizioBrancati/BFKit-Swift,appkit
SparkPost/php-sparkpost,php
SparkPost/php-sparkpost,email
SparkPost/php-sparkpost,sparkpost
SparkPost/php-sparkpost,client-library
resque/resque,queue
resque/resque,background-jobs
resque/resque,job-scheduler
resque/resque,ruby
resque/resque,job-queue
resque/resque,asynchronous-tasks
resque/resque,asynctask
resque/resque,background-worker
resque/resque,background-service
resque/resque,job-management
flextry/Telerik-Academy,telerik
flextry/Telerik-Academy,c-sharp
flextry/Telerik-Academy,javascript
flextry/Telerik-Academy,education
flextry/Telerik-Academy,telerik-academy
flextry/Telerik-Academy,dot-net
flextry/Telerik-Academy,progress
flextry/Telerik-Academy,bulgaria
hadley/dplyr,r
hadley/dplyr,data-manipulation
hadley/dplyr,grammar
Drivemode/IntentLogger,java
Drivemode/IntentLogger,logcat
Drivemode/IntentLogger,android
Drivemode/IntentLogger,intent
Drivemode/IntentLogger,library
Olical/EventEmitter,eventemitter
Olical/EventEmitter,javascript
Olical/EventEmitter,events
francescomalatesta/laravel-api-boilerplate-jwt,laravel
francescomalatesta/laravel-api-boilerplate-jwt,api
francescomalatesta/laravel-api-boilerplate-jwt,rest
francescomalatesta/laravel-api-boilerplate-jwt,jwt
francescomalatesta/laravel-api-boilerplate-jwt,boilerplate
francescomalatesta/laravel-api-boilerplate-jwt,dingo
francescomalatesta/laravel-api-boilerplate-jwt,cors
maciej-gurban/responsive-bootstrap-toolkit,javascript
maciej-gurban/responsive-bootstrap-toolkit,breakpoint
maciej-gurban/responsive-bootstrap-toolkit,responsive
maciej-gurban/responsive-bootstrap-toolkit,responsive-layout
jhough10/Centurion,sass-framework
jhough10/Centurion,web-framework
jhough10/Centurion,grid-system
jhough10/Centurion,npm
jhough10/Centurion,grunt-plugins
jhough10/Centurion,typography
jhough10/Centurion,centurion
ShamylZakariya/FlyoutMenus,android
ShamylZakariya/FlyoutMenus,menus
google/closure-library,closure-library
google/closure-library,goog
google/closure-library,google
google/closure-library,javascript
google/closure-library,closure
CyberAgent/aeromock,mock
CyberAgent/aeromock,json
CyberAgent/aeromock,template-engine
CyberAgent/aeromock,java
CyberAgent/aeromock,scala
CyberAgent/aeromock,freemarker
CyberAgent/aeromock,handlebars
CyberAgent/aeromock,velocity
CyberAgent/aeromock,jade
CyberAgent/aeromock,groovy
CyberAgent/aeromock,thymeleaf
browserhtml/browserhtml,servo
browserhtml/browserhtml,browser
PCSX2/pcsx2,emulation
PCSX2/pcsx2,emulator
PCSX2/pcsx2,cpp
PCSX2/pcsx2,ps2
PCSX2/pcsx2,pcsx2
ember-admin/ember-cli-admin,ember-cli
ember-admin/ember-cli-admin,ember-cli-admin
ember-admin/ember-cli-admin,admin-dashboard
ember-admin/ember-cli-admin,admin
ohmu/pghoard,postgresql
ohmu/pghoard,backup
ohmu/pghoard,restore
ohmu/pghoard,cloud-object-storage
ohmu/pghoard,aiven
google/closure-compiler,closure-compiler
google/closure-compiler,javascript
google/closure-compiler,optimization
google/closure-compiler,typechecking
infinitered/ignite,cli
infinitered/ignite,react-native
infinitered/ignite,react-native-generator
infinitered/ignite,boilerplate
infinitered/ignite,generator
infinitered/ignite,expo
infinitered/ignite,mst
moneymanagerex/android-money-manager-ex,money-manager
moneymanagerex/android-money-manager-ex,java
moneymanagerex/android-money-manager-ex,moneymanagerex
moneymanagerex/android-money-manager-ex,finance
moneymanagerex/android-money-manager-ex,android
molinch/FFImageLoading,xamarin
molinch/FFImageLoading,image
molinch/FFImageLoading,cache
molinch/FFImageLoading,transformations
molinch/FFImageLoading,resize
molinch/FFImageLoading,xamarin-forms
molinch/FFImageLoading,xamarin-android
molinch/FFImageLoading,xamarin-ios
molinch/FFImageLoading,uwp
molinch/FFImageLoading,windows-uwp
molinch/FFImageLoading,xamarin-mac
beeman/loopback-angular-admin,loopback
beeman/loopback-angular-admin,javascript
beeman/loopback-angular-admin,angular
beeman/loopback-angular-admin,node
beeman/loopback-angular-admin,mit
beeman/loopback-angular-admin,help-wanted
beeman/loopback-angular-admin,ng2
beeman/loopback-angular-admin,ng4
beeman/loopback-angular-admin,typescript
beeman/loopback-angular-admin,colmena-cms
beeman/loopback-angular-admin,colmena
beeman/loopback-angular-admin,monorepo
beeman/loopback-angular-admin,coreui
carlosgprado/JARVIS,idapython-plugin
carlosgprado/JARVIS,ida-plugin
carlosgprado/JARVIS,reverse-engineering
carlosgprado/JARVIS,ida
carlosgprado/JARVIS,pyside
carlosgprado/JARVIS,pintool
jorgegarcia/UnityOSC,unityosc
jorgegarcia/UnityOSC,unity
flike/idgo,id-generation
flike/idgo,redis
AntennaPod/AntennaPod,podcast-manager
AntennaPod/AntennaPod,android
AntennaPod/AntennaPod,apps
AntennaPod/AntennaPod,hacktoberfest
AntennaPod/AntennaPod,podcasting20
Polymer/vulcanize,web-components
Polymer/vulcanize,polymer
trailsjs/trails,node
trailsjs/trails,framework
trailsjs/trails,web-framework
trailsjs/trails,trails
oswaldoacauan/ghostium,ghost
oswaldoacauan/ghostium,ghostium
oswaldoacauan/ghostium,theme
oswaldoacauan/ghostium,blog
accessd/rails-env-favicon,rails
accessd/rails-env-favicon,environment
accessd/rails-env-favicon,favicon
accessd/rails-env-favicon,rails-env-favicon
accessd/rails-env-favicon,ruby
ppoffice/hexo-theme-hueman,hexo
ppoffice/hexo-theme-hueman,hexo-theme
ppoffice/hexo-theme-hueman,static-site
ppoffice/hexo-theme-hueman,theme
JaspervanRiet/Jager,android
JaspervanRiet/Jager,java
MoZhouqi/KMNavigationBarTransition,kmnavigationbartransition
MoZhouqi/KMNavigationBarTransition,navigationbar
MoZhouqi/KMNavigationBarTransition,transition
MoZhouqi/KMNavigationBarTransition,transition-animations
MoZhouqi/KMNavigationBarTransition,navigationbar-transition
zchee/docker-machine-driver-xhyve,xhyve
zchee/docker-machine-driver-xhyve,docker
zchee/docker-machine-driver-xhyve,macos
zchee/docker-machine-driver-xhyve,hypervisor
zchee/docker-machine-driver-xhyve,hyperkit
zchee/docker-machine-driver-xhyve,minikube
zchee/docker-machine-driver-xhyve,libmachine-driver-plugin
zchee/docker-machine-driver-xhyve,go
zchee/docker-machine-driver-xhyve,docker-machine
zchee/docker-machine-driver-xhyve,minishift
Zewo/Zewo,swift
Zewo/Zewo,coroutines
Zewo/Zewo,synchronous-apis
Zewo/Zewo,server-side-swift
Zewo/Zewo,zewo
Zewo/Zewo,swiftenv
Zewo/Zewo,concurrency
Zewo/Zewo,xcode
Zewo/Zewo,heroku
Zewo/Zewo,swiftpm
Zewo/Zewo,slack
Zewo/Zewo,buildpack
Zewo/Zewo,non-blocking
Zewo/Zewo,fibers
Zewo/Zewo,green-threads
yilylong/UserGuideView,guide
yilylong/UserGuideView,tip
yilylong/UserGuideView,user-guide
yilylong/UserGuideView,tipview
yilylong/UserGuideView,view-tipview
yilylong/UserGuideView,userguideview
yilylong/UserGuideView,highlight
varunoberoi/Howzatt,cricket
varunoberoi/Howzatt,scoreboard
varunoberoi/Howzatt,sports
varunoberoi/Howzatt,swift
varunoberoi/Howzatt,macos
auto-complete/auto-complete,auto-complete
auto-complete/auto-complete,completion
auto-complete/auto-complete,melpa
auto-complete/auto-complete,emacs
someus/TextRank4ZH,textrank
someus/TextRank4ZH,textrank-algorithm
someus/TextRank4ZH,keyword-extraction
someus/TextRank4ZH,pagerank
someus/TextRank4ZH,python
lincanbin/Android-Carbon-Forum,carbon-forum
lincanbin/Android-Carbon-Forum,android-app
lincanbin/Android-Carbon-Forum,material-design
lincanbin/Android-Carbon-Forum,android
ogaclejapan/SmartTabLayout,smarttablayout
ogaclejapan/SmartTabLayout,android
ogaclejapan/SmartTabLayout,viewpager
xjodoin/torpedoquery,java
xjodoin/torpedoquery,query-builder
xjodoin/torpedoquery,hql
xjodoin/torpedoquery,hibernate
xjodoin/torpedoquery,jpa
xjodoin/torpedoquery,j2ee
xjodoin/torpedoquery,java-8
xjodoin/torpedoquery,java-library
ashishkakkad8/AKSwiftSlideMenu,slide-menu
ashishkakkad8/AKSwiftSlideMenu,swift
ashishkakkad8/AKSwiftSlideMenu,drawer
ashishkakkad8/AKSwiftSlideMenu,swift3
ashishkakkad8/AKSwiftSlideMenu,akswiftslidemenu
ashishkakkad8/AKSwiftSlideMenu,sidemenu
ashishkakkad8/AKSwiftSlideMenu,sidemenuswift
ashishkakkad8/AKSwiftSlideMenu,swift4
ashishkakkad8/AKSwiftSlideMenu,swift5
sqlobject/sqlobject,python
sqlobject/sqlobject,sql
sqlobject/sqlobject,orm
sqlobject/sqlobject,sqlobject
sqlobject/sqlobject,python3
sqlobject/sqlobject,object-relational-mapper
sqlobject/sqlobject,lgpl
davedufresne/SwiftParsec,parser
davedufresne/SwiftParsec,parser-combinators
davedufresne/SwiftParsec,swift
davedufresne/SwiftParsec,functional
activeadmin/active_admin,ruby
activeadmin/active_admin,activeadmin
activeadmin/active_admin,arbre
activeadmin/active_admin,rails
activeadmin/active_admin,admin-ui
dermotte/LIRE,image-retrieval
dermotte/LIRE,lire
dermotte/LIRE,multimedia
playcanvas/engine,webgl
playcanvas/engine,webgl2
playcanvas/engine,javascript
playcanvas/engine,game-engine
playcanvas/engine,gamedev
playcanvas/engine,virtual-reality
playcanvas/engine,webxr
playcanvas/engine,typescript
playcanvas/engine,nodejs
playcanvas/engine,game-development
playcanvas/engine,gltf
playcanvas/engine,webgpu
lensacom/sparkit-learn,scikit-learn
lensacom/sparkit-learn,apache-spark
lensacom/sparkit-learn,machine-learning
lensacom/sparkit-learn,distributed-computing
lensacom/sparkit-learn,python
samtools/htsjdk,genomics
samtools/htsjdk,sequencing
samtools/htsjdk,dna
samtools/htsjdk,ngs
samtools/htsjdk,bam
samtools/htsjdk,cram
samtools/htsjdk,sam
samtools/htsjdk,fasta
samtools/htsjdk,vcf
samtools/htsjdk,java-api
samtools/htsjdk,java
driftyco/ionic-native,ionic
driftyco/ionic-native,cordova
driftyco/ionic-native,angular
driftyco/ionic-native,cordova-plugin
driftyco/ionic-native,ionic-framework
IonicaBizau/git-stats,contributions-calendar
IonicaBizau/git-stats,gitstats
IonicaBizau/git-stats,calendar
IonicaBizau/git-stats,statistics
IonicaBizau/git-stats,hacktoberfest
apache/kylin,kylin
diegocr/CleanLinks,javascript
diegocr/CleanLinks,firefox
diegocr/CleanLinks,firefox-addon
diegocr/CleanLinks,firefox-extension
diegocr/CleanLinks,clean
diegocr/CleanLinks,links
ValiValpas/taskopen,taskwarrior
ValiValpas/taskopen,nim
dulingkang/Capture,camera
dulingkang/Capture,gpuimage
dulingkang/Capture,filter
huobazi/carrierwave-qiniu,qiniu
huobazi/carrierwave-qiniu,carrierwave
huobazi/carrierwave-qiniu,ruby
huobazi/carrierwave-qiniu,carrierwave-qiniu
huobazi/carrierwave-qiniu,storage
huobazi/carrierwave-qiniu,carrierwave-storage
appcelerator/KitchenSinkiPad,sample-app
SporkLibrary/Spork-Android,dependency-injection
SporkLibrary/Spork-Android,annotation-processing
SporkLibrary/Spork-Android,android
SporkLibrary/Spork-Android,java
aubio/aubio,audio
aubio/aubio,music
aubio/aubio,analysis
aubio/aubio,c
aubio/aubio,python
aubio/aubio,sound
aubio/aubio,extraction
aubio/aubio,annotation
aubio/aubio,onset
aubio/aubio,pitch
aubio/aubio,beat
aubio/aubio,tempo-tracking
aubio/aubio,mfcc
Karumi/KataTODOApiClientJava,mockwebserver
Karumi/KataTODOApiClientJava,kata
Karumi/KataTODOApiClientJava,java
Karumi/KataTODOApiClientJava,integration-testing
Karumi/KataTODOApiClientJava,retrofit
Karumi/KataTODOApiClientJava,training
moschan/react-native-flip-card,react
moschan/react-native-flip-card,react-native
moschan/react-native-flip-card,card-component
moschan/react-native-flip-card,animation
salama/salama,ruby
salama/salama,vm
salama/salama,compiler
salama/salama,debugger
youknowone/VisualJSON,json
youknowone/VisualJSON,xml
youknowone/VisualJSON,visualizer
youknowone/VisualJSON,mac-appstore
jessesquires/JSQDataSourcesKit,ios
jessesquires/JSQDataSourcesKit,swift
jessesquires/JSQDataSourcesKit,datasource
wakatime/vim-wakatime,vim
wakatime/vim-wakatime,vim-plugins
wakatime/vim-wakatime,vundle
wakatime/vim-wakatime,time-tracking
swiftcodex/Swift-Radio-Pro,radio-station
swiftcodex/Swift-Radio-Pro,swift
swiftcodex/Swift-Radio-Pro,audio
swiftcodex/Swift-Radio-Pro,audio-player
swiftcodex/Swift-Radio-Pro,music
swiftcodex/Swift-Radio-Pro,music-player
swiftcodex/Swift-Radio-Pro,radio
swiftcodex/Swift-Radio-Pro,player
swiftcodex/Swift-Radio-Pro,lastfm
swiftcodex/Swift-Radio-Pro,avplayer
swiftcodex/Swift-Radio-Pro,album-art
swiftcodex/Swift-Radio-Pro,itunes-api
swiftcodex/Swift-Radio-Pro,swift-radio
swiftcodex/Swift-Radio-Pro,spotify-api
swiftcodex/Swift-Radio-Pro,sound
michael-rapp/AndroidMaterialPreferences,android
michael-rapp/AndroidMaterialPreferences,preferences
michael-rapp/AndroidMaterialPreferences,material-design
michael-rapp/AndroidMaterialPreferences,dialogpreference
frida/frida,frida
frida/frida,instrumentation
frida/frida,vala
l123456789jy/Lazy,androidutils
l123456789jy/Lazy,toastutils
l123456789jy/Lazy,timeutils
l123456789jy/Lazy,android
l123456789jy/Lazy,sizeutils
l123456789jy/Lazy,ioutil
esdoc/esdoc,esdoc
esdoc/esdoc,javascript
esdoc/esdoc,es2015
esdoc/esdoc,ast
esdoc/esdoc,jsdoc
cliqz-oss/keyvi,python
cliqz-oss/keyvi,cpp
cliqz-oss/keyvi,search
cliqz-oss/keyvi,data-structures
cliqz-oss/keyvi,fst
cliqz-oss/keyvi,big-data
Kikobeats/uno-zen,ghost
Kikobeats/uno-zen,theme
invoiceninja/invoiceninja,php
invoiceninja/invoiceninja,expenses
invoiceninja/invoiceninja,javascript
invoiceninja/invoiceninja,invoices
invoiceninja/invoiceninja,tasks
invoiceninja/invoiceninja,laravel
invoiceninja/invoiceninja,payments
invoiceninja/invoiceninja,time-tracker
invoiceninja/invoiceninja,kanban
invoiceninja/invoiceninja,invoice
invoiceninja/invoiceninja,flutter
invoiceninja/invoiceninja,hacktoberfest
cossou/JasperPHP,php
cossou/JasperPHP,jasperreports
cossou/JasperPHP,jaspersoft-studio
cossou/JasperPHP,jasperstarter
cossou/JasperPHP,reports
cossou/JasperPHP,reporting
cossou/JasperPHP,archived
cossou/JasperPHP,deprecated
cossou/JasperPHP,obselete
rogerbinns/apsw,python3
rogerbinns/apsw,sqlite3
1000ch/grunt-image,grunt
1000ch/grunt-image,image
1000ch/grunt-image,optimization
1000ch/grunt-image,jpeg
1000ch/grunt-image,gif
1000ch/grunt-image,png
mozilla/devtools-perf-game,inactive
mozilla/devtools-perf-game,unmaintained
Yalantis/GuillotineMenu-Android,android
Yalantis/GuillotineMenu-Android,java
Yalantis/GuillotineMenu-Android,animation
Yalantis/GuillotineMenu-Android,menu
Yalantis/GuillotineMenu-Android,transition
mgholam/fastJSON,json
mgholam/fastJSON,csharp
mgholam/fastJSON,mono
mgholam/fastJSON,netcore2
mgholam/fastJSON,netstandard20
mgholam/fastJSON,c-sharp
mgholam/fastJSON,fastjson
zalando/zmon,monitoring
zalando/zmon,metrics
SQiShER/java-object-diff,diff
SQiShER/java-object-diff,java
SQiShER/java-object-diff,tree-structure
softwaredownload/openwrt-fanqiang,shadowsocks
softwaredownload/openwrt-fanqiang,openwrt
softwaredownload/openwrt-fanqiang,shadowsocks-libev
softwaredownload/openwrt-fanqiang,fanqiang
softwaredownload/openwrt-fanqiang,gongfuwang
softwaredownload/openwrt-fanqiang,luyouqi
softwaredownload/openwrt-fanqiang,ke-xue-shang-wang
softwaredownload/openwrt-fanqiang,openwrt-shadowsocks
softwaredownload/openwrt-fanqiang,ipk
softwaredownload/openwrt-fanqiang,dns
softwaredownload/openwrt-fanqiang,simple-obfs
softwaredownload/openwrt-fanqiang,android-shadowsocks
softwaredownload/openwrt-fanqiang,obf
softwaredownload/openwrt-fanqiang,bbr
softwaredownload/openwrt-fanqiang,tcp-fast-open
bazelbuild/bazel,bazel
bazelbuild/bazel,build
bazelbuild/bazel,test
bazelbuild/bazel,fast
bazelbuild/bazel,correct
bazelbuild/bazel,scalable
bazelbuild/bazel,multi-language
bazelbuild/bazel,build-system
FriendsOfSymfony/FOSElasticaBundle,symfony
FriendsOfSymfony/FOSElasticaBundle,elastica
FriendsOfSymfony/FOSElasticaBundle,elasticsearch
FriendsOfSymfony/FOSElasticaBundle,php
FriendsOfSymfony/FOSElasticaBundle,symfony-bundle
FriendsOfSymfony/FOSElasticaBundle,search
FriendsOfSymfony/FOSElasticaBundle,bundle
wandoledzep/bxslider-4,bxslider
wandoledzep/bxslider-4,content-slider
wandoledzep/bxslider-4,image-slider
wandoledzep/bxslider-4,jquery-slider
wandoledzep/bxslider-4,slider
start-angular/SB-Admin-BS4-Angular-2,angular4
start-angular/SB-Admin-BS4-Angular-2,bootstrap4
start-angular/SB-Admin-BS4-Angular-2,angular
start-angular/SB-Admin-BS4-Angular-2,dashboard-admin
start-angular/SB-Admin-BS4-Angular-2,sb-admin
start-angular/SB-Admin-BS4-Angular-2,angular-cli
start-angular/SB-Admin-BS4-Angular-2,angular-4
start-angular/SB-Admin-BS4-Angular-2,angular5
start-angular/SB-Admin-BS4-Angular-2,angular6
MxABC/swiftScan,scan
MxABC/swiftScan,qrcode
MxABC/swiftScan,barcode
MxABC/swiftScan,avfoundation
scriptcs/scriptcs,scriptcs
scriptcs/scriptcs,csx
scriptcs/scriptcs,roslyn
eclipse/eclipse-collections,java
eclipse/eclipse-collections,eclipse-collections
eclipse/eclipse-collections,java-collections
eclipse/eclipse-collections,collections
eclipse/eclipse-collections,data-structures
eclipse/eclipse-collections,functional
eclipse/eclipse-collections,object-oriented
eclipse/eclipse-collections,immutable-collections
eclipse/eclipse-collections,primitive-collections
manastungare/google-calendar-crx,google-calendar
manastungare/google-calendar-crx,javascript
manastungare/google-calendar-crx,chrome
petitviolet/Android-scaex,scala
petitviolet/Android-scaex,android
petitviolet/Android-scaex,java
clojure-emacs/cider,cider
clojure-emacs/cider,emacs-lisp
clojure-emacs/cider,clojure
clojure-emacs/cider,emacs
clojure-emacs/cider,clojure-development
ruby/rake,ruby
ruby/rake,rake
ruby/rake,rakefile
ruby/rake,hacktoberfest
ktonga/reactive-turtle,turtle
ktonga/reactive-turtle,turtle-graphics
ktonga/reactive-turtle,scala
ktonga/reactive-turtle,father
ktonga/reactive-turtle,son
ktonga/reactive-turtle,educational
ktonga/reactive-turtle,children
ktonga/reactive-turtle,kids
ktonga/reactive-turtle,functional-programming
ktonga/reactive-turtle,akka
stevensouza/automon,aspectj
stevensouza/automon,monitoring
stevensouza/automon,java
stevensouza/automon,performance
stevensouza/automon,aop
stevensouza/automon,performance-monitoring
pyos/dg,language
pyos/dg,python
pyos/dg,programming-language
tuvistavie/atomic-chrome,chrome
tuvistavie/atomic-chrome,atom
tuvistavie/atomic-chrome,editing
tuvistavie/atomic-chrome,textarea
PressLabs/silver,python
PressLabs/silver,billing-api
PressLabs/silver,payments
opentk/opentk,c-sharp
opentk/opentk,opengl
opentk/opentk,opengl-es
opentk/opentk,graphics-library
opentk/opentk,game-development
opentk/opentk,math-library
opentk/opentk,scientific-visualization
opentk/opentk,openal
opentk/opentk,opencl
opentk/opentk,graphics
opentk/opentk,game-engine
pbek/QOwnNotes,owncloud
pbek/QOwnNotes,c-plus-plus
pbek/QOwnNotes,qownnotes
pbek/QOwnNotes,owncloud-notes
pbek/QOwnNotes,nextcloud
pbek/QOwnNotes,nextcloud-notes
pbek/QOwnNotes,qt5
pbek/QOwnNotes,note-taking
pbek/QOwnNotes,markdown
pbek/QOwnNotes,caldav
pbek/QOwnNotes,dropbox
pbek/QOwnNotes,bookmark
pbek/QOwnNotes,chrome-extension
pbek/QOwnNotes,firefox-extension
pbek/QOwnNotes,notebook
pbek/QOwnNotes,notes
sleekbyte/tailor,swift
sleekbyte/tailor,linter
sleekbyte/tailor,static-analyzer
sleekbyte/tailor,apple
swaroopch/byte-of-python,python
swaroopch/byte-of-python,tutorial
swaroopch/byte-of-python,book
swaroopch/byte-of-python,beginner-friendly
pradels/vagrant-libvirt,libvirt
pradels/vagrant-libvirt,ruby
pradels/vagrant-libvirt,vagrant-providers
pradels/vagrant-libvirt,vagrant
Hammerspoon/hammerspoon,macos
Hammerspoon/hammerspoon,objective-c
Hammerspoon/hammerspoon,lua
Hammerspoon/hammerspoon,hammerspoon
Hammerspoon/hammerspoon,osx
Hammerspoon/hammerspoon,automation
Hammerspoon/hammerspoon,mjolnir
Hammerspoon/hammerspoon,irc
4k3R/material-card-animation,android
4k3R/material-card-animation,java
hyiltiz/vim-plugins-profile,vim-plugins
hyiltiz/vim-plugins-profile,plugins-profile
hyiltiz/vim-plugins-profile,startup
hyiltiz/vim-plugins-profile,vim-configuration
hyiltiz/vim-plugins-profile,ruby
hyiltiz/vim-plugins-profile,python
hyiltiz/vim-plugins-profile,r
hyiltiz/vim-plugins-profile,perl
hyiltiz/vim-plugins-profile,neovim
paiv/AngleGradientLayer,swift
paiv/AngleGradientLayer,objective-c
paiv/AngleGradientLayer,graphics
MaxCDN/bootstrap-cdn,bootstrap
MaxCDN/bootstrap-cdn,cdn
MaxCDN/bootstrap-cdn,font-awesome
MaxCDN/bootstrap-cdn,bootswatch
MaxCDN/bootstrap-cdn,bootswatch-theme
MaxCDN/bootstrap-cdn,bootlint
MaxCDN/bootstrap-cdn,bootstrapcdn
MaxCDN/bootstrap-cdn,bootstrap4
MaxCDN/bootstrap-cdn,fontawesome
MaxCDN/bootstrap-cdn,stackpath
MaxCDN/bootstrap-cdn,stylesheet
MaxCDN/bootstrap-cdn,javascript
MaxCDN/bootstrap-cdn,font
MaxCDN/bootstrap-cdn,fontawesome4
MaxCDN/bootstrap-cdn,fontawsome
MaxCDN/bootstrap-cdn,theme
MaxCDN/bootstrap-cdn,jsdelivr
webbju/android-plus-plus,visual-studio
webbju/android-plus-plus,android
webbju/android-plus-plus,ndk
webbju/android-plus-plus,build-tool
webbju/android-plus-plus,debugging-tool
webbju/android-plus-plus,msbuild
webbju/android-plus-plus,cplusplus
webbju/android-plus-plus,java
lykmapipo/kue-scheduler,kue
lykmapipo/kue-scheduler,redis
lykmapipo/kue-scheduler,scheduler
lykmapipo/kue-scheduler,every
lykmapipo/kue-scheduler,now
lykmapipo/kue-scheduler,nodejs
zalando/skipper,proxy
zalando/skipper,router
zalando/skipper,eskip
zalando/skipper,mosaic
zalando/skipper,skipper
zalando/skipper,http-proxy
zalando/skipper,etcd
zalando/skipper,go
zalando/skipper,kubernetes-ingress
zalando/skipper,kubernetes
zalando/skipper,kubernetes-controller
zalando/skipper,cloud
zalando/skipper,ingress-controller
byte-foundry/prototypo,prototypo
byte-foundry/prototypo,font
byte-foundry/prototypo,parametric-fonts
byte-foundry/prototypo,font-generator
byte-foundry/prototypo,typography
yahoo/pure,css
yahoo/pure,pure
yahoo/pure,html
KeepSafe/aiohttp,aiohttp
KeepSafe/aiohttp,asyncio
KeepSafe/aiohttp,python
KeepSafe/aiohttp,http
KeepSafe/aiohttp,http-server
KeepSafe/aiohttp,http-client
KeepSafe/aiohttp,async
KeepSafe/aiohttp,hacktoberfest
yahoo/pure-site,css
yahoo/pure-site,purecss
micc83/fontIconPicker,jquery-fonticonpicker
micc83/fontIconPicker,icon-picker
micc83/fontIconPicker,jquery-plugin
micc83/fontIconPicker,font-icons
micc83/fontIconPicker,fontello
OpenLiveWriter/OpenLiveWriter,dotnet
OpenLiveWriter/OpenLiveWriter,winforms
OpenLiveWriter/OpenLiveWriter,blogging
OpenLiveWriter/OpenLiveWriter,blog
OpenLiveWriter/OpenLiveWriter,writing
OpenLiveWriter/OpenLiveWriter,static-site-cms
OpenLiveWriter/OpenLiveWriter,static-site
Sable/soot,java
Sable/soot,optimization
Sable/soot,java-optimization-framework
Sable/soot,analysis-framework
Sable/soot,static-analysis
Sable/soot,jimple
Sable/soot,bytecode
Sable/soot,soot
cheeaun/life,life
cheeaun/life,timeline
cheeaun/life,markdown
yshrsmz/LicenseAdapter,android
yshrsmz/LicenseAdapter,recyclerview
yshrsmz/LicenseAdapter,android-library
adamjmcgrath/react-native-simple-auth,react-native
adamjmcgrath/react-native-simple-auth,oauth
Kotlin/anko,kotlin
Kotlin/anko,android
andresgottlieb/soundcast,music
andresgottlieb/soundcast,chromecast
andresgottlieb/soundcast,audio
andresgottlieb/soundcast,mac
andresgottlieb/soundcast,apple
andresgottlieb/soundcast,osx
spotify/ffwd,java
spotify/ffwd,monitoring
spotify/ffwd,metrics
DrawKit/DrawKit,drawing
DrawKit/DrawKit,vector-drawing
DrawKit/DrawKit,illustration
DrawKit/DrawKit,vector
DrawKit/DrawKit,cocoa
DrawKit/DrawKit,macos
DrawKit/DrawKit,cad
zonyitoo/shadowsocks-rust,shadowsocks
zonyitoo/shadowsocks-rust,rust
zonyitoo/shadowsocks-rust,socks5
zonyitoo/shadowsocks-rust,socks4
zonyitoo/shadowsocks-rust,transparent-proxy
zonyitoo/shadowsocks-rust,http-proxy
zonyitoo/shadowsocks-rust,security
tumblr/colossus,scala
tumblr/colossus,microservice-framework
etsy/phan,php
etsy/phan,static-analysis
etsy/phan,phan
etsy/phan,analysis
etsy/phan,analyzer
etsy/phan,static-code-analysis
LeoiOS/LCBannerView,banner
LeoiOS/LCBannerView,cocoapods
netyouli/WHC_ModelSqliteKit,whc
netyouli/WHC_ModelSqliteKit,sqlite
netyouli/WHC_ModelSqliteKit,db
netyouli/WHC_ModelSqliteKit,modelsqlite
netyouli/WHC_ModelSqliteKit,fmdb
netyouli/WHC_ModelSqliteKit,realm
cketti/SafeContentResolver,security
cketti/SafeContentResolver,contentprovider
cketti/SafeContentResolver,contentresolver
cketti/SafeContentResolver,android
cketti/SafeContentResolver,library
apache/cordova-plugin-whitelist,cordova
apache/cordova-plugin-whitelist,csharp
apache/cordova-plugin-whitelist,cplusplus
apache/cordova-plugin-whitelist,library
apache/cordova-plugin-whitelist,objective-c
apache/cordova-plugin-whitelist,java
apache/cordova-plugin-whitelist,nodejs
apache/cordova-plugin-whitelist,javascript
apache/cordova-plugin-whitelist,mobile
oblador/react-native-animatable,react-native
oblador/react-native-animatable,animation
oblador/react-native-animatable,transition
jdsjlzx/LRecyclerView,headerview-footerview
jdsjlzx/LRecyclerView,recyclerview
jdsjlzx/LRecyclerView,headerview
jdsjlzx/LRecyclerView,footerview
ipfs/go-ipfs,ipfs
cibernox/ember-power-select,ember
cibernox/ember-power-select,select
cibernox/ember-power-select,component
SalesforceEng/Argus,argus
SalesforceEng/Argus,timeseries-database
SalesforceEng/Argus,alerting
SalesforceEng/Argus,dashboards
SalesforceEng/Argus,metrics
SalesforceEng/Argus,high-throughput
SalesforceEng/Argus,low-latency
jariz/tabbie,customizable
jariz/tabbie,favorite-websites
jariz/tabbie,material
jariz/tabbie,chrome-extension
jariz/tabbie,new-tab
ruzhan123/TransparentToolBar,android
ruzhan123/TransparentToolBar,transparent-toobar
ruzhan123/TransparentToolBar,transparent-widget
semk/Pytt,bittorrent-tracker
semk/Pytt,bittorrent
semk/Pytt,python
semk/Pytt,tornado
iboxdb/forjava,java
iboxdb/forjava,nosql
iboxdb/forjava,example
iboxdb/forjava,database
iboxdb/forjava,document-database
NamPNQ/You-Dont-Need-Javascript,css
NamPNQ/You-Dont-Need-Javascript,javascript
NamPNQ/You-Dont-Need-Javascript,accordion
NamPNQ/You-Dont-Need-Javascript,counter
NamPNQ/You-Dont-Need-Javascript,burger-menu
NamPNQ/You-Dont-Need-Javascript,carousel
NamPNQ/You-Dont-Need-Javascript,game
NamPNQ/You-Dont-Need-Javascript,treeview
NamPNQ/You-Dont-Need-Javascript,tooltip
NamPNQ/You-Dont-Need-Javascript,popover
NamPNQ/You-Dont-Need-Javascript,font
NamPNQ/You-Dont-Need-Javascript,textfield
NamPNQ/You-Dont-Need-Javascript,hacktoberfest
ufologist/onekey-decompile-apk,apk
ufologist/onekey-decompile-apk,decompile
ufologist/onekey-decompile-apk,android
PhilJay/MPAndroidChart,java
PhilJay/MPAndroidChart,chart
PhilJay/MPAndroidChart,graph
PhilJay/MPAndroidChart,android
PhilJay/MPAndroidChart,mpandroidchart
SnappyDataInc/snappydata,snappydata
SnappyDataInc/snappydata,spark
SnappyDataInc/snappydata,memory-database
SnappyDataInc/snappydata,analytics
SnappyDataInc/snappydata,stream
SnappyDataInc/snappydata,transaction
SnappyDataInc/snappydata,scale
hackmdio/hackmd,hackmd
hackmdio/hackmd,collaboration
hackmdio/hackmd,realtime
hackmdio/hackmd,notes
hackmdio/hackmd,markdown
hackmdio/hackmd,codimd
maxogden/dat,dat
maxogden/dat,dat-protocol
maxogden/dat,command-line
maxogden/dat,dat-node
ligi/gobandroid,kotlin
ligi/gobandroid,kotlin-android
ligi/gobandroid,android
ligi/gobandroid,android-app
ligi/gobandroid,goban
henryboldi/felony,pgp
henryboldi/felony,electron
henryboldi/felony,react
henryboldi/felony,encrypted-messages
henryboldi/felony,encryption
webmozart/assert,hacktoberfest
n8fr8/orbot,censorship-circumvention
n8fr8/orbot,anonymity
n8fr8/orbot,security
n8fr8/orbot,tor
n8fr8/orbot,anticensorship
libOctavo/octavo,octavo
libOctavo/octavo,crypto-library
libOctavo/octavo,rust
libOctavo/octavo,crypto
libOctavo/octavo,digest
harlow/go-micro-services,golang
harlow/go-micro-services,microservice
harlow/go-micro-services,grpc
harlow/go-micro-services,protobuf
harlow/go-micro-services,go
harlow/go-micro-services,jaeger
harlow/go-micro-services,consul
ExPHAT/twitter-sort,twitter-api
ExPHAT/twitter-sort,python
ExPHAT/twitter-sort,twitter
ExPHAT/twitter-sort,sorting-algorithms
DataSketches/sketches-core,datasketches
jessesquires/PresenterKit,ios
jessesquires/PresenterKit,swift
jessesquires/PresenterKit,swift-library
jessesquires/PresenterKit,viewcontroller
jessesquires/PresenterKit,presentation
gajus/gitdown,markdown
piglei/uwsgi-sloth,uwsgi
piglei/uwsgi-sloth,python
lelandrichardson/react-native-maps,react-native
lelandrichardson/react-native-maps,maps
lelandrichardson/react-native-maps,google-maps
jessesquires/iOS-icons-script,ios
jessesquires/iOS-icons-script,photoshop-script
jessesquires/iOS-icons-script,macos
jessesquires/iOS-icons-script,icons
salimane/redis-tools,redis
salimane/redis-tools,copy
salimane/redis-tools,sharding
salimane/redis-tools,cluster
salimane/redis-tools,protocol
zcaudate/hara,clojure
zcaudate/hara,hara
zcaudate/hara,definvoke
zcaudate/hara,defexecutive
pyflakes/pyflakes,python
pyflakes/pyflakes,linter
pyflakes/pyflakes,hacktoberfest
DimitriMikadze/laravel-angular-cms,laravel
DimitriMikadze/laravel-angular-cms,mysql
DimitriMikadze/laravel-angular-cms,angularjs
DimitriMikadze/laravel-angular-cms,material-design
DimitriMikadze/laravel-angular-cms,scss
bignerdranch/expandable-recycler-view,android
bignerdranch/expandable-recycler-view,recyclerview
bignerdranch/expandable-recycler-view,recyclerview-adapter
webpro/release-it,release-automation
webpro/release-it,publish
webpro/release-it,npm
webpro/release-it,git
webpro/release-it,tool
webpro/release-it,automation
webpro/release-it,bump
webpro/release-it,release
webpro/release-it,release-helper
webpro/release-it,changelog
webpro/release-it,github
webpro/release-it,gitlab
webpro/release-it,semver
webpro/release-it,gitlab-releases
webpro/release-it,cli
webpro/release-it,ci-mode
webpro/release-it,hooks
webpro/release-it,continuous-delivery
webpro/release-it,version
erikcaffrey/Dagger2-MVP-Sample,dependency-injection
erikcaffrey/Dagger2-MVP-Sample,dagger2
erikcaffrey/Dagger2-MVP-Sample,model-view-presenter
rspective/PagerDatePicker,datepicker
rspective/PagerDatePicker,android
rspective/PagerDatePicker,ui
yihui/servr,r
yihui/servr,r-package
yihui/servr,web-server
yihui/servr,http-server
yihui/servr,websocket
michenriksen/gitrob,security
michenriksen/gitrob,osint
michenriksen/gitrob,github-api
michenriksen/gitrob,golang
github/gemoji,emoji
github/gemoji,ruby
github/gemoji,unicode
github/gemoji,rubygem
neelkadia/WhereaAreYou,firebase
neelkadia/WhereaAreYou,mapbox
neelkadia/WhereaAreYou,realtime
neelkadia/WhereaAreYou,android
neelkadia/WhereaAreYou,html-page
neelkadia/WhereaAreYou,location
neelkadia/WhereaAreYou,family
neelkadia/WhereaAreYou,automation
neelkadia/WhereaAreYou,what3words
neelkadia/WhereaAreYou,realtime-tracking
leenooks/phpLDAPadmin,phpldapadmin
leenooks/phpLDAPadmin,ldap-administration
kemie/Style-Guide-Boilerplate-Bootstrap-Edition,styleguide
kemie/Style-Guide-Boilerplate-Bootstrap-Edition,styleguide-generator
kemie/Style-Guide-Boilerplate-Bootstrap-Edition,bootstrap3
inconvergent/differential-line,generative
inconvergent/differential-line,generative-art
inconvergent/differential-line,algorithm
inconvergent/differential-line,growth
inconvergent/differential-line,animation
rtyley/spongycastle,cryptography
rtyley/spongycastle,android
nekocode/Badge,android
nekocode/Badge,widget
joeblau/gitignore.io,gitignore
joeblau/gitignore.io,macos
joeblau/gitignore.io,swift
joeblau/gitignore.io,vapor-swift
joeblau/gitignore.io,linux
joeblau/gitignore.io,server-side-swift
joeblau/gitignore.io,gitignore-files
feross/spoof,spoof
feross/spoof,javascript
feross/spoof,nodejs
feross/spoof,wifi
feross/spoof,mac
feross/spoof,linux
feross/spoof,spoofmac
kimchi-project/kimchi,libvirt
kimchi-project/kimchi,kvm
kimchi-project/kimchi,linux
kimchi-project/kimchi,web-application
Friend-LGA/LGAlertView,ios
Friend-LGA/LGAlertView,objective-c
Friend-LGA/LGAlertView,swift
Friend-LGA/LGAlertView,cocoapods
Friend-LGA/LGAlertView,carthage
Friend-LGA/LGAlertView,alertviewcontroller
Friend-LGA/LGAlertView,alert-view-controller
Friend-LGA/LGAlertView,alertview
Friend-LGA/LGAlertView,alert-view
Friend-LGA/LGAlertView,actionsheet
Friend-LGA/LGAlertView,action-sheet
Friend-LGA/LGAlertView,lgalertview
sarcadass/granim.js,fluid
sarcadass/granim.js,gradient
sarcadass/granim.js,animation
seejohnrun/haste-server,hacktoberfest
PointCloudLibrary/pcl,pcl
PointCloudLibrary/pcl,c-plus-plus
PointCloudLibrary/pcl,cpp
PointCloudLibrary/pcl,pointcloud
PointCloudLibrary/pcl,computer-vision
PointCloudLibrary/pcl,point-cloud
oneAcorn/cakeview,weights
oneAcorn/cakeview,pie
oneAcorn/cakeview,animation
VARIANTE/generator-vars-django,generator
VARIANTE/generator-vars-django,yeoman
VARIANTE/generator-vars-django,django
VARIANTE/generator-vars-django,gulp
VARIANTE/generator-vars-django,browserify
VARIANTE/generator-vars-django,sass
VARIANTE/generator-vars-django,stylus
VARIANTE/generator-vars-django,babel
VARIANTE/generator-vars-django,uwsgi-nginx
TakWolf/CNode-Material-Design,cnode
TakWolf/CNode-Material-Design,android
TakWolf/CNode-Material-Design,material
marcuswestin/store.js,javascript
marcuswestin/store.js,localstorage
marcuswestin/store.js,cross-browser
marcuswestin/store.js,plugins
marcuswestin/store.js,storage
marcuswestin/store.js,store-json
marcuswestin/store.js,serialization
rtugeek/ColorSeekBar,android
rtugeek/ColorSeekBar,ui
rtugeek/ColorSeekBar,custom-view
rtugeek/ColorSeekBar,customview
rtugeek/ColorSeekBar,seekbar
rtugeek/ColorSeekBar,color
rtugeek/ColorSeekBar,colorpicker
vizorvr/vizor,webvr
vizorvr/vizor,webgl
vizorvr/vizor,vr
vizorvr/vizor,virtual-reality
vizorvr/vizor,graph
vizorvr/vizor,texture
vizorvr/vizor,camera
vizorvr/vizor,javascript
vizorvr/vizor,360
vizorvr/vizor,360-photo
vizorvr/vizor,360-video
vizorvr/vizor,360video
vizorvr/vizor,nodejs
vizorvr/vizor,threejs
vizorvr/vizor,three-js
vizorvr/vizor,meshes
vizorvr/vizor,matrices
vizorvr/vizor,player
vizorvr/vizor,diffuse
vizorvr/vizor,loop
LearnOpenGL-CN/LearnOpenGL-CN,learnopengl
LearnOpenGL-CN/LearnOpenGL-CN,translation
timothycrosley/hug,hug-api
timothycrosley/hug,python-api
timothycrosley/hug,falcon
timothycrosley/hug,python
timothycrosley/hug,python3
timothycrosley/hug,http
timothycrosley/hug,http-server
timothycrosley/hug,command-line
Jintin/DroidLane,android
Jintin/DroidLane,android-studio
Jintin/DroidLane,upload-apk
720kb/butler,audio
720kb/butler,voice
720kb/butler,javascript
720kb/butler,commands
720kb/butler,voice-commands
720kb/butler,tasks
720kb/butler,dom
iridakos/duckrails,mock
iridakos/duckrails,developer-tools
iridakos/duckrails,developers
iridakos/duckrails,api
iridakos/duckrails,api-server
iridakos/duckrails,apis
iridakos/duckrails,productivity
iridakos/duckrails,webdev
iridakos/duckrails,mocking
iridakos/duckrails,docker
strophe/strophejs,xmpp
strophe/strophejs,xmpp-library
strophe/strophejs,javascript
afaqurk/linux-dash,linux
afaqurk/linux-dash,dashboard
afaqurk/linux-dash,monitoring
afaqurk/linux-dash,server
afaqurk/linux-dash,web
afaqurk/linux-dash,ui
afaqurk/linux-dash,linux-dash
Respect/Validation,php
Respect/Validation,validation
Respect/Validation,validation-engine
Respect/Validation,fluent-interface
Respect/Validation,validator
Respect/Validation,standalone
Respect/Validation,components
HendrixString/Android-Zorn,android-zorn
HendrixString/Android-Zorn,android
HendrixString/Android-Zorn,worker-manager
pimterry/loglevel,javascript
pimterry/loglevel,logging
pimterry/loglevel,lightweight
pimterry/loglevel,loglevel
pimterry/loglevel,stack-traces
pimterry/loglevel,setlevel
BlueM/cliclick,objective-c
BlueM/cliclick,cli
BlueM/cliclick,macos
BlueM/cliclick,mouse-events
BlueM/cliclick,keyboard-events
BlueM/cliclick,terminal
SufficientlySecure/html-textview,android
SufficientlySecure/html-textview,android-library
SufficientlySecure/html-textview,textview
idiotWu/smooth-scrollbar,smooth-scrolling
idiotWu/smooth-scrollbar,scrollbar
idiotWu/smooth-scrollbar,custom-scrollbar
idiotWu/smooth-scrollbar,smooth-scrollbar
idiotWu/smooth-scrollbar,javascript-scrollbar-plugin
idiotWu/smooth-scrollbar,frontend
idiotWu/smooth-scrollbar,javascript
mkarneim/pojobuilder,java
mkarneim/pojobuilder,builder
mkarneim/pojobuilder,pojobuilder
mkarneim/pojobuilder,annotation-processor
consulo/consulo-unity3d,plugin
consulo/consulo-unity3d,unity3d
star7th/showdoc,showdoc
star7th/showdoc,api
star7th/showdoc,document
star7th/showdoc,documentation-tool
freedomotic/freedomotic,iot
freedomotic/freedomotic,iot-platform
freedomotic/freedomotic,java
freedomotic/freedomotic,framework
freedomotic/freedomotic,home-automation
freedomotic/freedomotic,mqtt
freedomotic/freedomotic,arduino
freedomotic/freedomotic,raspberrypi
freedomotic/freedomotic,open-source
freedomotic/freedomotic,opensource
freedomotic/freedomotic,domotics
freedomotic/freedomotic,domotica
freedomotic/freedomotic,ubuntu
freedomotic/freedomotic,internet-of-things
freedomotic/freedomotic,hacktoberfest
leongersen/noUiSlider,range-slider
leongersen/noUiSlider,component
leongersen/noUiSlider,input
leongersen/noUiSlider,accessibility
leongersen/noUiSlider,keyboard-support
leongersen/noUiSlider,form
leongersen/noUiSlider,typescript
leongersen/noUiSlider,multi-touch
edgeSuperman/hornibills,api
edgeSuperman/hornibills,docs
espertechinc/esper,cep
espertechinc/esper,complex-event-processing
espertechinc/esper,open-source
espertechinc/esper,compiler
espertechinc/esper,streaming-sql
espertechinc/esper,espertech
espertechinc/esper,event-series-analysis
espertechinc/esper,esper
espertechinc/esper,java
snorpey/jpg-glitch,glitch-art
snorpey/jpg-glitch,glitch-canvas
snorpey/jpg-glitch,glitch-images
snorpey/jpg-glitch,glitch
snorpey/jpg-glitch,webapp
snorpey/jpg-glitch,pwa
snorpey/jpg-glitch,image-processing
happyfish100/fastdfs,distributed-file-system
happyfish100/fastdfs,distributed-file-storage
happyfish100/fastdfs,storage-servers
itsgoingd/clockwork-chrome,clockwork
itsgoingd/clockwork-chrome,php
itsgoingd/clockwork-chrome,laravel
itsgoingd/clockwork-chrome,slim
itsgoingd/clockwork-chrome,devtools
itsgoingd/clockwork-chrome,logging
itsgoingd/clockwork-chrome,debugging
itsgoingd/clockwork-chrome,profiling
itsgoingd/clockwork-chrome,chrome
itsgoingd/clockwork-chrome,firefox
tslamic/AndroidDeviceNames,android
tslamic/AndroidDeviceNames,library
tslamic/AndroidDeviceNames,devices
tslamic/AndroidDeviceNames,names
tslamic/AndroidDeviceNames,offline
shama/letswritecode,javascript
shama/letswritecode,education
shama/letswritecode,video
panique/huge,php
panique/huge,authentication
panique/huge,authorization
panique/huge,password
panique/huge,password-hash
panique/huge,framework
panique/huge,user-auth
panique/huge,auth
MikeMcl/big.js,bignumber
MikeMcl/big.js,bigdecimal
MikeMcl/big.js,javascript
MikeMcl/big.js,arbitrary-precision
MikeMcl/big.js,decimal-places
AndroidKnife/RxBus,rxbus
AndroidKnife/RxBus,rxandroid
AndroidKnife/RxBus,rxjava
AndroidKnife/RxBus,rxjava2
ufo22940268/android-justifiedtextview,android
ufo22940268/android-justifiedtextview,textview
ufo22940268/android-justifiedtextview,java
jruesga/timeline-chart-view,android
jruesga/timeline-chart-view,chart
jruesga/timeline-chart-view,library
pikock/bootstrap-magic,bootstrap-magic
pikock/bootstrap-magic,bootstrap-themes-generator
pikock/bootstrap-magic,bootstrap4
middleman/middleman-blog,middleman-extension
middleman/middleman-blog,middleman
middleman/middleman-blog,middleman-blog
middleman/middleman-blog,ruby
middleman/middleman-blog,static-site-generator
middleman/middleman-blog,blog
middleman/middleman-blog,blog-engine
nodejs/nodejs-zh-CN,nodejs
nodejs/nodejs-zh-CN,node
beto-rodriguez/Live-Charts,chart
beto-rodriguez/Live-Charts,data-visualization
beto-rodriguez/Live-Charts,maps
beto-rodriguez/Live-Charts,wpf
beto-rodriguez/Live-Charts,winforms
beto-rodriguez/Live-Charts,uwp
phalcon/zephir,zephir
phalcon/zephir,phalcon
phalcon/zephir,php-internals
phalcon/zephir,php-extension
phalcon/zephir,php
phalcon/zephir,php-extensions
phalcon/zephir,skeleton
phalcon/zephir,c
phalcon/zephir,hacktoberfest
codechimp-org/AppRater,android
codechimp-org/AppRater,rate
codechimp-org/AppRater,java
EasyEngine/easyengine,easyengine
EasyEngine/easyengine,nginx
EasyEngine/easyengine,wordpress
EasyEngine/easyengine,php
EasyEngine/easyengine,optimization
EasyEngine/easyengine,performance
EasyEngine/easyengine,automation
EasyEngine/easyengine,hacktoberfest
EasyEngine/easyengine,docker
EasyEngine/easyengine,linux
EasyEngine/easyengine,macos
wakatime/jetbrains-wakatime,intellij-plugin
wakatime/jetbrains-wakatime,webstorm-plugin
wakatime/jetbrains-wakatime,pycharm-plugin
wakatime/jetbrains-wakatime,rubymine-plugin
wakatime/jetbrains-wakatime,phpstorm-plugin
wakatime/jetbrains-wakatime,appcode-plugin
wakatime/jetbrains-wakatime,datagrip-plugin
wakatime/jetbrains-wakatime,androidstudio-plugin
wakatime/jetbrains-wakatime,gogland-plugin
wakatime/jetbrains-wakatime,rider-plugin
wakatime/jetbrains-wakatime,time-tracking
BabylonJS/Babylon.js,webgl
BabylonJS/Babylon.js,webgl2
BabylonJS/Babylon.js,3d
BabylonJS/Babylon.js,game-development
BabylonJS/Babylon.js,webvr
BabylonJS/Babylon.js,babylon
BabylonJS/Babylon.js,webaudio
BabylonJS/Babylon.js,typescript
BabylonJS/Babylon.js,webxr
BabylonJS/Babylon.js,webgpu
BabylonJS/Babylon.js,game-engine
BabylonJS/Babylon.js,game-engine-3d
opencv/opencv,opencv
opencv/opencv,c-plus-plus
opencv/opencv,computer-vision
opencv/opencv,deep-learning
opencv/opencv,image-processing
khrome/xbox-live,gamercard
khrome/xbox-live,xbox
khrome/xbox-live,xbox-live
muaz-khan/WebRTC-Experiment,webrtc
muaz-khan/WebRTC-Experiment,webrtc-demos
muaz-khan/WebRTC-Experiment,webrtc-experiments
muaz-khan/WebRTC-Experiment,webrtc-samples
muaz-khan/WebRTC-Experiment,webrtc-examples
muaz-khan/WebRTC-Experiment,webrtc-tools
muaz-khan/WebRTC-Experiment,webrtc-libraries
albertorestifo/node-dijkstra,dijkstra
albertorestifo/node-dijkstra,node-graph
albertorestifo/node-dijkstra,nodejs
javiersantos/BottomDialogs,android-library
javiersantos/BottomDialogs,gradle
javiersantos/BottomDialogs,dialog
javiersantos/BottomDialogs,bottom-sheet
javiersantos/BottomDialogs,material-design
Kjuly/KYArcTab,ios
Kjuly/KYArcTab,objective-c
Kjuly/KYArcTab,menu
brianwernick/RecyclerExt,recyclerview
brianwernick/RecyclerExt,android-recyclerview
brianwernick/RecyclerExt,scroll-widget
brianwernick/RecyclerExt,adapter
SWI-Prolog/swipl-devel,swi-prolog
SWI-Prolog/swipl-devel,prolog
SWI-Prolog/swipl-devel,logic-programming
aryaxt/iOS-Slide-Menu,side-menu
aryaxt/iOS-Slide-Menu,ios
wuapnjie/StickerView,stickers
wuapnjie/StickerView,drag
wuapnjie/StickerView,stickerview
wuapnjie/StickerView,customview
IonDen/ion.sound,play-sounds
IonDen/ion.sound,javascript
IonDen/ion.sound,ion-sound
IonDen/ion.sound,html5-audio
IonDen/ion.sound,aac
IonDen/ion.sound,mp3
IonDen/ion.sound,ogg
IonDen/ion.sound,browser-game
IonDen/ion.sound,ionsound
IonDen/ion.sound,web-audio-api
IonDen/ion.sound,web-audio-library
stripe/stripe-java,stripe
stripe/stripe-java,java
IBM-Bluemix/todo-apps,couchdb
IBM-Bluemix/todo-apps,bluemix
IBM-Bluemix/todo-apps,mongodb
IBM-Bluemix/todo-apps,cloudant
IBM-Bluemix/todo-apps,cloud-foundry
IBM-Bluemix/todo-apps,php
IBM-Bluemix/todo-apps,java
IBM-Bluemix/todo-apps,nodejs
IBM-Bluemix/todo-apps,python
IBM-Bluemix/todo-apps,rails
IBM-Bluemix/todo-apps,swift
vbauer/caesar,java
vbauer/caesar,asynchronous-executions
vbauer/caesar,proxy
skjolber/ndef-tools-for-android,android
skjolber/ndef-tools-for-android,nfc
skjolber/ndef-tools-for-android,ndef
skjolber/ndef-tools-for-android,ndef-format
skjolber/ndef-tools-for-android,library
apache/storm,storm
apache/storm,java
apache/storm,big-data
arturdm/jacoco-android-gradle-plugin,gradle-plugin
arturdm/jacoco-android-gradle-plugin,android
arturdm/jacoco-android-gradle-plugin,gradle
arturdm/jacoco-android-gradle-plugin,hacktoberfest
paicha/gxgk-wechat-server,flask
paicha/gxgk-wechat-server,python
paicha/gxgk-wechat-server,wechat
wangjiegulu/WheelView,wheelview
wangjiegulu/WheelView,android
wangjiegulu/WheelView,java
wangjiegulu/WheelView,custom-view
Suxiaogang/WeiboPicBed,chrome-extensions
Suxiaogang/WeiboPicBed,javascript
Suxiaogang/WeiboPicBed,chrome
Suxiaogang/WeiboPicBed,weibo
Suxiaogang/WeiboPicBed,images
Suxiaogang/WeiboPicBed,imagehosting
pydanny/cookiecutter-django,python
pydanny/cookiecutter-django,django
pydanny/cookiecutter-django,cookiecutter
pydanny/cookiecutter-django,cookiecutter-django
pydanny/cookiecutter-django,django-cookiecutter
pydanny/cookiecutter-django,project-template
pydanny/cookiecutter-django,boilerplate
pydanny/cookiecutter-django,docker
pydanny/cookiecutter-django,heroku
pydanny/cookiecutter-django,celery
shakacode/bootstrap-loader,bootstrap-loader
shakacode/bootstrap-loader,bootstrap-variables
shakacode/bootstrap-loader,shakacode
shakacode/bootstrap-loader,bootstrap-mixins
shakacode/bootstrap-loader,bootstrap-styles
shakacode/bootstrap-loader,webpack2
shakacode/bootstrap-loader,webpack-loader
shakacode/bootstrap-loader,twitter-bootstrap
shakacode/bootstrap-loader,webpack
shakacode/bootstrap-loader,sass-loader
coreos/dex,oidc
coreos/dex,kubernetes
coreos/dex,idp
coreos/dex,identity-provider
coreos/dex,hacktoberfest
XadillaX/xto,nodejs
XadillaX/xto,express
sdiehl/write-you-a-haskell,haskel
sdiehl/write-you-a-haskell,compiler
sdiehl/write-you-a-haskell,book
sdiehl/write-you-a-haskell,evaluation
sdiehl/write-you-a-haskell,lambda-calculus
sdiehl/write-you-a-haskell,type
sdiehl/write-you-a-haskell,type-checking
sdiehl/write-you-a-haskell,type-system
sdiehl/write-you-a-haskell,pdf-book
sdiehl/write-you-a-haskell,functional-programming
sdiehl/write-you-a-haskell,functional-language
sdiehl/write-you-a-haskell,hindley-milner
sdiehl/write-you-a-haskell,type-inference
sdiehl/write-you-a-haskell,type-theory
sdiehl/write-you-a-haskell,intermediate-representation
robertknight/webpack-bundle-size-analyzer,webpack
robertknight/webpack-bundle-size-analyzer,file-size
ForbesLindesay/promisejs.org,website
ForbesLindesay/promisejs.org,serviceworker
ForbesLindesay/promisejs.org,promise
hokein/electron-sample-apps,electron
hokein/electron-sample-apps,javascript
hokein/electron-sample-apps,electron-api
VJAI/JustBlog,aspnet-mvc
VJAI/JustBlog,dotnet
VJAI/JustBlog,blog
cheeaun/hackerweb,web-app
cheeaun/hackerweb,hacker-news
cheeaun/hackerweb,css
cheeaun/hackerweb,javascript
cheeaun/hackerweb,hacker-news-client
cheeaun/hackerweb,hacker-news-reader
Kjuly/iPokeMon,game
Kjuly/iPokeMon,pokemon
Kjuly/iPokeMon,ios
Kjuly/iPokeMon,lbs
kplatfoot/android-rotation-sensor-sample,android-custom-view
kplatfoot/android-rotation-sensor-sample,android-architecture-lifecycle
kplatfoot/android-rotation-sensor-sample,orientation-sensor
vuejs/vue,vue
vuejs/vue,javascript
vuejs/vue,frontend
vuejs/vue,framework
MatzeB/libfirm,compiler
MatzeB/libfirm,libfirm
MatzeB/libfirm,c
MatzeB/libfirm,optimization
MatzeB/libfirm,backend
MatzeB/libfirm,ssa
MatzeB/libfirm,graph
abstractj/kalium,libsodium
abstractj/kalium,java
abstractj/kalium,nacl
abstractj/kalium,java-bindings
abstractj/kalium,cryptography
redbooth/backbone-redux,backbone-collections
redbooth/backbone-redux,backbone-redux
redbooth/backbone-redux,redux
redbooth/backbone-redux,backbone
redbooth/backbone-redux,rest
redbooth/backbone-redux,synchronization
django-admin-bootstrap/django-admin-bootstrap,django
django-admin-bootstrap/django-admin-bootstrap,admin
django-admin-bootstrap/django-admin-bootstrap,dashboard
django-admin-bootstrap/django-admin-bootstrap,bootstrap
django-admin-bootstrap/django-admin-bootstrap,django-admin
django-admin-bootstrap/django-admin-bootstrap,responsive
atomix/copycat,atomix
atomix/copycat,raft
atomix/copycat,copycat
atomix/copycat,distributed-systems
atomix/copycat,consensus
atomix/copycat,raft-consensus-algorithm
atomix/copycat,state-machine
atomix/copycat,consensus-algorithm
atomix/copycat,replication
atomix/copycat,database
atomix/copycat,java
atomix/copycat,java-8
smallwins/slack,slack
smallwins/slack,js
smallwins/slack,javascript
smallwins/slack,nodejs
smallwins/slack,node
smallwins/slack,browser
smallwins/slack,api
smallwins/slack,api-client
smallwins/slack,api-wrapper
Microsoft/thrifty,thrift
Microsoft/thrifty,android
suitcss/stylelint-config-suitcss,stylelint
suitcss/stylelint-config-suitcss,suit-css
octo-linker/chrome-extension,github
octo-linker/chrome-extension,productivity
octo-linker/chrome-extension,octolinker
octo-linker/chrome-extension,github-extension
octo-linker/chrome-extension,browser-extension
octo-linker/chrome-extension,hacktoberfest
jensmeder/DarkLightning,usbmuxd
jensmeder/DarkLightning,ios
jensmeder/DarkLightning,tvos
jensmeder/DarkLightning,osx
jensmeder/DarkLightning,usb
jensmeder/DarkLightning,macos
odnoklassniki/one-nio,nio
odnoklassniki/one-nio,java
odnoklassniki/one-nio,io
odnoklassniki/one-nio,native
odnoklassniki/one-nio,network
odnoklassniki/one-nio,mmap
NeXTs/Jets.js,css
NeXTs/Jets.js,search-engine
stylelint/stylelint,linter
stylelint/stylelint,css
stylelint/stylelint,scss
stylelint/stylelint,less
stylelint/stylelint,postcss
stylelint/stylelint,sass
stylelint/stylelint,css-in-js
stylelint/stylelint,html
stylelint/stylelint,markdown
stylelint/stylelint,sugarss
stylelint/stylelint,lint
stylelint/stylelint,enforce-conventions
stylelint/stylelint,hacktoberfest
ssddanbrown/BookStack,bookstack
ssddanbrown/BookStack,laravel
ssddanbrown/BookStack,php
ssddanbrown/BookStack,wiki
ssddanbrown/BookStack,selfhosted
ssddanbrown/BookStack,documentation
joscha/gmailui,gmail
joscha/gmailui,ui
joscha/gmailui,ui-components
joscha/gmailui,coffeescript
martykan/forecastie,android
martykan/forecastie,openweathermap
HQarroum/circular-linked-list,linked-list
HQarroum/circular-linked-list,algorithm
ledger/vim-ledger,vim
ledger/vim-ledger,vim-plugin
ledger/vim-ledger,ledger-cli
ledger/vim-ledger,ledger
ledger/vim-ledger,plaintext-accounting
JZXiang/TimePickerDialog,android
JZXiang/TimePickerDialog,timepickerdialog
JZXiang/TimePickerDialog,picker-library
mosra/magnum,c-plus-plus-11
mosra/magnum,opengl
mosra/magnum,webgl
mosra/magnum,emscripten
mosra/magnum,ios
mosra/magnum,android
mosra/magnum,graphics-engine
mosra/magnum,game-engine
mosra/magnum,c-plus-plus
mosra/magnum,gamedev
mosra/magnum,cmake
mosra/magnum,glfw
mosra/magnum,sdl
mosra/magnum,magnum
mosra/magnum,webassembly
mosra/magnum,vulkan
mosra/magnum,3d
mosra/magnum,game
mosra/magnum,graphics
mosra/magnum,spir-v
int128/gradle-ssh-plugin,gradle
int128/gradle-ssh-plugin,ssh
Icinga/icingaweb2,icinga
Icinga/icingaweb2,monitoring
Icinga/icingaweb2,cli
lsm/micromono,microservice
lsm/micromono,node
lsm/micromono,channel
lsm/micromono,rpc
lsm/micromono,framework
Quramy/electron-connect,electron
nettofarah/property-validator,assertions
nettofarah/property-validator,validation
nettofarah/property-validator,validator
nettofarah/property-validator,request-validation
googlemaps/google-maps-services-js,javascript
googlemaps/google-maps-services-js,nodejs
googlemaps/google-maps-services-js,google
googlemaps/google-maps-services-js,maps
googlemaps/google-maps-services-js,geocode
googlemaps/google-maps-services-js,elevation
googlemaps/google-maps-services-js,directions
googlemaps/google-maps-services-js,places
googlemaps/google-maps-services-js,client-library
googlemaps/google-maps-services-js,hacktoberfest
wireapp/wire-android,wire
wireapp/wire-android,android
artagnon/rhine-ml,programming-language
artagnon/rhine-ml,ocaml
artagnon/rhine-ml,llvm
artagnon/rhine-ml,compiler
eskimoblood/gerstnerizer,javascript
eskimoblood/gerstnerizer,pattern
eskimoblood/gerstnerizer,application
night/BetterTTV,betterttv
night/BetterTTV,memescale
OAuthSwift/OAuthSwift,oauthswift
OAuthSwift/OAuthSwift,oauth
OAuthSwift/OAuthSwift,oauth2-client
OAuthSwift/OAuthSwift,oauth-client
OAuthSwift/OAuthSwift,oauth1
OAuthSwift/OAuthSwift,oauth2
OAuthSwift/OAuthSwift,oauth2-authentication
twitter/heron,heron
twitter/heron,streaming
twitter/heron,messaging
IonicaBizau/node-cobol,mad-science
IonicaBizau/node-cobol,hacktoberfest
zemirco/swift-linechart,swift
zemirco/swift-linechart,chart
zemirco/swift-linechart,linechart
sgothel/jogl,java
sgothel/jogl,opengl
sgothel/jogl,platform-independent
TinyQ/TQMultistageTableView,objective-c
TinyQ/TQMultistageTableView,tableview
jakubkinst/Android-ViewModelBinding,viewmodel
jakubkinst/Android-ViewModelBinding,mvvm
jakubkinst/Android-ViewModelBinding,android
jakubkinst/Android-ViewModelBinding,architecture
jakubkinst/Android-ViewModelBinding,binding
ContinuousLearning/PokemonKit,pokemon
ContinuousLearning/PokemonKit,pokeapi
Rydgel/Fake-images-please,fakeimg
Rydgel/Fake-images-please,python
Rydgel/Fake-images-please,fake-images
Rydgel/Fake-images-please,placeholder
bpkg/bpkg,bpkg
bpkg/bpkg,shell
bpkg/bpkg,installer
bpkg/bpkg,package-manager
bpkg/bpkg,package-management
bpkg/bpkg,installer-script
bpkg/bpkg,bash
bpkg/bpkg,bash-scripting
bpkg/bpkg,bash-script
bpkg/bpkg,shell-script
bpkg/bpkg,shell-scripts
lampepfl/dotty,scala
lampepfl/dotty,scala3
lampepfl/dotty,epfl
lampepfl/dotty,compiler
lampepfl/dotty,dotty
renstrom/go-wiki,wiki
renstrom/go-wiki,go
philipn/django-rest-framework-filters,django
philipn/django-rest-framework-filters,django-rest-framework
nickcheng/NCChineseConverter,objective-c
nickcheng/NCChineseConverter,chinese
nickcheng/NCChineseConverter,chinese-characters
KyleBanks/XOREncryption,xor
KyleBanks/XOREncryption,xor-encryption
KyleBanks/XOREncryption,encryption
KyleBanks/XOREncryption,multilanguage
mertakdut/EpubParser,epub-files
mertakdut/EpubParser,java
